Start Date,07/01/2019,,,,,,,,,,,,,,,
End Date,05/01/2026,,,,,,,,,,,,,,,
,,,,,,,,,,,,,,,,
,SHEL LN Equity,BP/ LN Equity,BARC LN Equity,HSBA LN Equity,ULVR LN Equity,TSCO LN Equity,AZN LN Equity,GSK LN Equity,NG/ LN Equity,DGE LN Equity,IGLS LN Equity,VGOV LN Equity,SLXX LN Equity,GLDW LN Equity,UKX Index,GUKG10 Index
,#N/A Requesting Data...,#N/A Requesting Data...,#N/A Requesting Data...,#N/A Requesting Data...,#N/A Requesting Data...,#N/A Requesting Data...,#N/A Requesting Data...,#N/A Requesting Data...,#N/A Requesting Data...,#N/A Requesting Data...,#N/A Requesting Data...,#N/A Requesting Data...,#N/A Requesting Data...,#N/A Requesting Data...,#N/A Requesting Data...,#N/A Requesting Data...
Dates,PE_RATIO,PE_RATIO,PE_RATIO,PE_RATIO,PE_RATIO,PE_RATIO,PE_RATIO,PE_RATIO,PE_RATIO,PE_RATIO,PE_RATIO,PE_RATIO,PE_RATIO,PE_RATIO,PE_RATIO,PE_RATIO
11/01/2019,10.8074,14.2609,16.9054,13.5679,12.4637,20.755,43.2096,16.7476,7.4035,22.0429,#N/A N/A,#N/A N/A,#N/A N/A,#N/A N/A,13.4639,#N/A N/A
18/01/2019,10.8324,14.3484,17.8344,13.6846,12.498,21.3738,42.2239,16.4555,7.4331,22.1414,#N/A N/A,#N/A N/A,#N/A N/A,#N/A N/A,13.5739,#N/A N/A
25/01/2019,10.5572,14.2105,17.6452,13.6952,12.4658,21.4119,41.6284,15.8165,7.3564,22.3297,#N/A N/A,#N/A N/A,#N/A N/A,#N/A N/A,13.2665,#N/A N/A
01/02/2019,11.1013,14.5188,17.0559,13.6219,12.5889,21.1358,42.9573,16.2886,7.7,23.69,#N/A N/A,#N/A N/A,#N/A N/A,#N/A N/A,13.6737,#N/A N/A
08/02/2019,11.1078,14.9658,16.7677,13.5217,12.9377,21.3453,43.3231,17.1825,7.7795,24.0589,#N/A N/A,#N/A N/A,#N/A N/A,#N/A N/A,13.7913,#N/A N/A
15/02/2019,11.1012,14.8815,17.1505,13.9611,13.1665,21.3453,47.2444,17.3603,7.7795,24.6078,#N/A N/A,#N/A N/A,#N/A N/A,#N/A N/A,14.1143,#N/A N/A
22/02/2019,11.1543,14.9337,16.7892,13.2743,13.0996,16.9794,47.3446,16.8684,7.9587,24.6214,#N/A N/A,#N/A N/A,#N/A N/A,#N/A N/A,14.0352,#N/A N/A
01/03/2019,11.0457,14.975,17.4731,13.2112,12.5619,17.4747,48.0507,16.5851,7.8451,24.208,#N/A N/A,#N/A N/A,#N/A N/A,#N/A N/A,13.1241,#N/A N/A
08/03/2019,10.7714,14.7899,17.0731,13.2259,13.0733,17.4138,47.9916,16.6071,8.0677,24.6258,#N/A N/A,#N/A N/A,#N/A N/A,#N/A N/A,13.1706,#N/A N/A
15/03/2019,11.2615,15.3908,17.843,13.4536,13.55,17.4824,49.0295,16.4885,8.0945,25.5318,#N/A N/A,#N/A N/A,#N/A N/A,#N/A N/A,13.4789,#N/A N/A
22/03/2019,11.2349,15.507,16.714,13.1835,13.7328,17.772,49.3174,17.0748,8.1868,25.4157,#N/A N/A,#N/A N/A,#N/A N/A,#N/A N/A,13.4629,#N/A N/A
29/03/2019,11.0418,14.7672,7.8918,12.019,13.8138,17.6881,41.9537,16.2956,19.2683,25.4408,#N/A N/A,#N/A N/A,#N/A N/A,#N/A N/A,13.7661,#N/A N/A
05/04/2019,11.3446,15.0597,8.3041,12.6149,13.8667,18.0539,42.0933,16.2671,18.9059,25.3377,#N/A N/A,#N/A N/A,#N/A N/A,#N/A N/A,14.1004,#N/A N/A
12/04/2019,11.4243,15.1974,8.4673,12.7945,13.7213,18.8313,41.2479,15.8303,18.5096,25.4431,#N/A N/A,#N/A N/A,#N/A N/A,#N/A N/A,14.0754,#N/A N/A
19/04/2019,11.2738,14.9966,8.6429,12.8401,14.1305,19.0599,39.7287,15.5568,18.5413,25.3201,#N/A N/A,#N/A N/A,#N/A N/A,#N/A N/A,14.1206,#N/A N/A
26/04/2019,11.1069,14.6358,8.2163,12.7715,14.4253,19.0523,39.4456,15.9344,18.9444,26.0093,#N/A N/A,#N/A N/A,#N/A N/A,#N/A N/A,14.1152,#N/A N/A
03/05/2019,11.3624,14.664,8.351,13.2794,14.6718,18.8541,39.7247,15.8405,18.7768,26.3125,#N/A N/A,#N/A N/A,#N/A N/A,#N/A N/A,14.028,#N/A N/A
10/05/2019,11.1303,13.8965,8.0367,12.6053,14.5053,18.4502,39.0261,15.3282,18.9218,26.3812,#N/A N/A,#N/A N/A,#N/A N/A,#N/A N/A,13.7124,#N/A N/A
17/05/2019,11.3682,14.4046,8.099,12.3699,14.8472,18.2444,39.3656,15.8691,18.5277,26.596,#N/A N/A,#N/A N/A,#N/A N/A,#N/A N/A,14.0414,#N/A N/A
24/05/2019,11.1337,14.0879,7.6153,12.4421,15.0411,17.6805,40.745,16.1446,18.4937,26.5645,#N/A N/A,#N/A N/A,#N/A N/A,#N/A N/A,13.8824,#N/A N/A
31/05/2019,10.9428,13.8795,7.6194,12.0899,14.8541,17.2537,38.768,15.5833,17.9547,26.2036,#N/A N/A,#N/A N/A,#N/A N/A,#N/A N/A,13.6654,#N/A N/A
07/06/2019,11.3242,14.3138,7.7071,12.3136,14.9937,17.4824,40.4415,15.9732,18.6364,27.0987,#N/A N/A,#N/A N/A,#N/A N/A,#N/A N/A,13.9856,#N/A N/A
14/06/2019,11.1546,13.8136,7.602,12.0686,15.1707,17.1013,41.2022,16.1691,18.8742,26.8681,#N/A N/A,#N/A N/A,#N/A N/A,#N/A N/A,14.0854,#N/A N/A
21/06/2019,11.5607,14.3815,7.5867,12.2494,14.9274,18.0387,42.652,16.0875,19.1845,26.7975,#N/A N/A,#N/A N/A,#N/A N/A,#N/A N/A,14.2012,#N/A N/A
28/06/2019,13.1156,15.8068,8.1413,12.2637,14.6811,17.2766,47.5177,14.2082,18.9286,25.4662,#N/A N/A,#N/A N/A,#N/A N/A,#N/A N/A,14.2359,#N/A N/A
05/07/2019,12.9934,15.4045,8.5446,12.373,15.0993,18.0844,47.4763,14.7489,19.343,25.4123,#N/A N/A,#N/A N/A,#N/A N/A,#N/A N/A,14.3672,#N/A N/A
12/07/2019,13.0616,15.5733,8.5435,12.2602,14.9752,18.4502,46.2056,14.6336,18.9897,25.2616,#N/A N/A,#N/A N/A,#N/A N/A,#N/A N/A,14.3446,#N/A N/A
19/07/2019,12.749,14.6909,8.4576,12.1849,14.9746,18.1606,46.4501,14.8372,18.9059,25.1033,#N/A N/A,#N/A N/A,#N/A N/A,#N/A N/A,14.3524,#N/A N/A
26/07/2019,12.6714,14.6988,8.7,12.0625,14.6389,17.2232,49.712,15.1923,19.1686,24.3926,#N/A N/A,#N/A N/A,#N/A N/A,#N/A N/A,14.3976,#N/A N/A
02/08/2019,11.7241,14.525,8.3239,11.5405,14.4879,16.8193,51.1262,15.2392,19.3996,24.7897,#N/A N/A,#N/A N/A,#N/A N/A,#N/A N/A,14.2013,#N/A N/A
09/08/2019,11.5048,13.779,7.813,11.0423,14.0872,16.6288,51.5938,15.0481,19.2456,24.2237,#N/A N/A,#N/A N/A,#N/A N/A,#N/A N/A,13.9484,#N/A N/A
16/08/2019,11.0966,13.5244,7.5989,10.6758,14.7375,16.4688,51.2814,14.9418,19.4245,24.875,#N/A N/A,#N/A N/A,#N/A N/A,#N/A N/A,13.9192,#N/A N/A
23/08/2019,11.1668,13.5878,7.5022,10.5793,14.8089,16.7774,52.1604,15.241,19.3181,24.8569,#N/A N/A,#N/A N/A,#N/A N/A,#N/A N/A,13.8937,#N/A N/A
30/08/2019,11.118,13.8117,7.4239,10.5808,15.4403,17.2983,51.7621,15.4248,19.4427,25.2669,#N/A N/A,#N/A N/A,#N/A N/A,#N/A N/A,14.1188,#N/A N/A
06/09/2019,11.1514,13.9736,7.6141,10.8613,15.5121,18.3478,51.8353,15.4573,19.0463,25.1945,#N/A N/A,#N/A N/A,#N/A N/A,#N/A N/A,14.2974,#N/A N/A
13/09/2019,11.4281,14.2723,8.512,11.5631,14.8342,18.9713,49.7593,14.7796,18.7632,24.244,#N/A N/A,#N/A N/A,#N/A N/A,#N/A N/A,14.467,#N/A N/A
20/09/2019,11.7504,14.7632,8.2359,11.3026,14.5971,19.0581,52.0233,15.0643,19.2841,23.846,#N/A N/A,#N/A N/A,#N/A N/A,#N/A N/A,14.4219,#N/A N/A
27/09/2019,11.908,14.51,8.2022,11.3026,14.8464,19.2948,52.8443,15.5456,19.9975,24.0793,#N/A N/A,#N/A N/A,#N/A N/A,#N/A N/A,14.5803,#N/A N/A
04/10/2019,11.3456,25.8106,13.4849,11.595,14.4645,18.7187,53.589,14.8804,20.3506,24.0341,#N/A N/A,#N/A N/A,#N/A N/A,#N/A N/A,14.044,#N/A N/A
11/10/2019,11.5134,26.4458,15.1396,12.0218,14.2956,19.1133,54.413,14.6702,20.8535,24.1035,#N/A N/A,#N/A N/A,#N/A N/A,#N/A N/A,14.2366,#N/A N/A
18/10/2019,11.4933,26.53,15.566,12.1542,14.3872,19.2554,54.3863,14.418,21.0499,23.8873,#N/A N/A,#N/A N/A,#N/A N/A,#N/A N/A,14.0474,#N/A N/A
25/10/2019,11.8287,27.7615,16.0717,12.3654,14.3878,18.9081,58.7797,14.8892,21.1411,23.7146,#N/A N/A,#N/A N/A,#N/A N/A,#N/A N/A,14.3903,#N/A N/A
01/11/2019,11.6048,27.2038,15.7717,11.902,14.3463,18.774,59.9843,15.4234,21.0593,24.1878,#N/A N/A,#N/A N/A,#N/A N/A,#N/A N/A,14.3586,#N/A N/A
08/11/2019,11.8648,27.4782,15.7019,11.8859,14.5418,18.774,57.7279,15.2132,20.8137,23.3948,#N/A N/A,#N/A N/A,#N/A N/A,#N/A N/A,14.508,#N/A N/A
15/11/2019,11.823,27.7893,16.1075,11.5717,14.3172,18.4504,58.1146,14.8874,20.9353,23.6955,#N/A N/A,#N/A N/A,#N/A N/A,#N/A N/A,14.4754,#N/A N/A
22/11/2019,11.6139,27.0777,15.9679,11.6214,14.1052,18.3557,59.1044,15.0101,21.0148,23.7217,#N/A N/A,#N/A N/A,#N/A N/A,#N/A N/A,14.5256,#N/A N/A
29/11/2019,11.3463,26.2688,16.183,11.6449,14.4237,18.1032,59.9049,15.3621,20.809,24.2628,#N/A N/A,#N/A N/A,#N/A N/A,#N/A N/A,14.5628,#N/A N/A
06/12/2019,11.3663,26.2827,15.9811,11.5304,14.5101,18.332,59.2045,15.1467,20.8768,24.1378,#N/A N/A,#N/A N/A,#N/A N/A,#N/A N/A,14.3536,#N/A N/A
13/12/2019,11.3792,26.0607,17.2151,11.9607,14.6188,19.8314,59.7173,15.1081,21.7071,24.0942,#N/A N/A,#N/A N/A,#N/A N/A,#N/A N/A,14.5792,#N/A N/A
20/12/2019,11.5329,26.7167,16.8321,12.2113,13.7872,19.8788,63.1478,15.8806,22.5,24.6228,#N/A N/A,#N/A N/A,#N/A N/A,#N/A N/A,15.0561,#N/A N/A
27/12/2019,11.7707,26.8035,17.1226,12.2297,13.8749,20.2023,62.9846,15.9297,22.4837,25.0616,#N/A N/A,#N/A N/A,#N/A N/A,#N/A N/A,15.1801,#N/A N/A
03/01/2020,15.3484,32.4931,12.5548,25.9317,22.6181,20.1313,97.8423,15.3787,22.2381,25.4133,#N/A N/A,#N/A N/A,#N/A N/A,#N/A N/A,14.8116,#N/A N/A
10/01/2020,15.0846,32.5073,12.3973,25.4535,22.4014,19.6815,96.9505,15.4908,21.8685,25.8042,#N/A N/A,#N/A N/A,#N/A N/A,#N/A N/A,14.7828,#N/A N/A
17/01/2020,14.9411,32.488,12.0027,25.7875,22.8956,19.6184,99.6146,15.9096,22.8438,26.0145,#N/A N/A,#N/A N/A,#N/A N/A,#N/A N/A,14.9988,#N/A N/A
24/01/2020,14.5938,31.9483,11.8795,25.2599,23.5147,19.642,97.2544,15.7097,23.7256,25.7979,#N/A N/A,#N/A N/A,#N/A N/A,#N/A N/A,14.7928,#N/A N/A
31/01/2020,13.4276,30.2845,11.5068,24.2718,23.9191,19.4842,95.1137,15.3753,23.5245,24.181,#N/A N/A,#N/A N/A,#N/A N/A,#N/A N/A,14.2128,#N/A N/A
07/02/2020,13.1419,30.4697,12.1342,24.9978,24.5324,20.1076,96.2565,14.6531,23.9221,24.846,#N/A N/A,#N/A N/A,#N/A N/A,#N/A N/A,14.596,#N/A N/A
14/02/2020,12.8005,29.9363,12.0493,25.4063,24.5432,20.1866,92.4194,14.3807,24.3244,24.4469,#N/A N/A,#N/A N/A,#N/A N/A,#N/A N/A,14.4901,#N/A N/A
21/02/2020,12.4961,29.5696,12.3027,24.3133,24.319,20.1787,96.8641,14.2911,24.881,24.4811,#N/A N/A,#N/A N/A,#N/A N/A,#N/A N/A,14.5155,#N/A N/A
28/02/2020,10.8169,25.4034,10.1877,22.285,21.4346,30.1515,84.173,13.4637,22.9865,21.4844,#N/A N/A,#N/A N/A,#N/A N/A,#N/A N/A,13.5624,#N/A N/A
06/03/2020,10.6094,25.823,8.9685,21.4029,22.1813,31.7481,91.425,13.7343,23.7443,21.69,#N/A N/A,#N/A N/A,#N/A N/A,#N/A N/A,13.3393,#N/A N/A
13/03/2020,7.1228,17.1445,7.0123,19.1744,19.0332,29.0431,75.7184,12.0899,20.1237,18.3572,#N/A N/A,#N/A N/A,#N/A N/A,#N/A N/A,11.1134,#N/A N/A
20/03/2020,6.3011,14.7061,6.0973,19.3783,19.9891,28.8187,77.788,12.4881,20.5213,17.1827,#N/A N/A,#N/A N/A,#N/A N/A,#N/A N/A,10.7732,#N/A N/A
27/03/2020,8.1242,19.0561,6.6692,19.3043,19.4857,30.6925,82.0102,12.4364,21.9153,18.9866,#N/A N/A,#N/A N/A,#N/A N/A,#N/A N/A,11.5232,#N/A N/A
03/04/2020,14.7426,20.1429,6.6867,26.9809,20.277,29.5445,75.9563,11.0988,28.8529,18.2965,#N/A N/A,#N/A N/A,#N/A N/A,#N/A N/A,11.3114,#N/A N/A
10/04/2020,15.4041,20.1429,8.1317,29.6597,20.8027,30.6133,77.0864,11.5071,31.1288,19.9549,#N/A N/A,#N/A N/A,#N/A N/A,#N/A N/A,12.2382,#N/A N/A
17/04/2020,14.0367,20.1429,7.5592,28.7697,20.9714,31.4182,86.6166,12.3745,30.9917,20.627,#N/A N/A,#N/A N/A,#N/A N/A,#N/A N/A,12.1324,#N/A N/A
24/04/2020,13.9401,20.1429,7.3842,27.5495,20.7262,31.1543,87.9683,12.5757,32.1913,19.931,#N/A N/A,#N/A N/A,#N/A N/A,#N/A N/A,12.0597,#N/A N/A
01/05/2020,12.632,20.1429,8.5617,27.977,20.6846,31.1807,89.2449,12.0064,31.876,21.0669,#N/A N/A,#N/A N/A,#N/A N/A,#N/A N/A,12.0863,#N/A N/A
08/05/2020,13.3749,20.1429,8.785,28.3296,20.6746,31.3127,91.9609,12.4789,31.5743,20.8966,#N/A N/A,#N/A N/A,#N/A N/A,#N/A N/A,12.4651,#N/A N/A
15/05/2020,12.1985,20.1429,8.1208,26.9109,20.5278,31.669,91.3773,12.2792,31.4235,20.2375,#N/A N/A,#N/A N/A,#N/A N/A,#N/A N/A,12.0041,#N/A N/A
22/05/2020,12.8932,20.1429,8.595,25.6225,20.3799,29.9931,95.1933,12.3939,30.1828,20.9952,#N/A N/A,#N/A N/A,#N/A N/A,#N/A N/A,12.4352,#N/A N/A
29/05/2020,12.7128,20.1429,9.6033,25.3251,21.3047,30.1251,91.8955,12.458,31.7389,20.9244,#N/A N/A,#N/A N/A,#N/A N/A,#N/A N/A,12.5636,#N/A N/A
05/06/2020,15.3532,20.1429,10.95,29.7945,21.9408,30.0459,92.9168,12.2032,31.4852,22.3863,#N/A N/A,#N/A N/A,#N/A N/A,#N/A N/A,13.3888,#N/A N/A
12/06/2020,13.8405,20.1429,9.755,26.4216,21.2244,29.848,89.1698,11.917,31.403,21.1621,#N/A N/A,#N/A N/A,#N/A N/A,#N/A N/A,12.603,#N/A N/A
19/06/2020,13.9475,20.1429,9.7133,26.8935,22.6802,30.0063,91.2973,12.3477,33.3635,21.8355,#N/A N/A,#N/A N/A,#N/A N/A,#N/A N/A,13.0143,#N/A N/A
26/06/2020,13.3581,20.1429,9.2483,26.0852,22.0184,30.4418,90.7954,12.2732,33.1236,20.2967,#N/A N/A,#N/A N/A,#N/A N/A,#N/A N/A,12.7405,#N/A N/A
03/07/2020,13.4881,20.1429,18.6645,26.2562,20.2797,29.2278,64.3142,9.775,31.6086,44.5934,#N/A N/A,#N/A N/A,#N/A N/A,#N/A N/A,13.8265,#N/A N/A
10/07/2020,13.4881,20.1429,18.9935,26.2562,19.8398,28.3437,65.4833,9.4696,29.8537,46.3587,#N/A N/A,#N/A N/A,#N/A N/A,#N/A N/A,13.6966,#N/A N/A
17/07/2020,13.4881,20.1429,18.7742,26.2562,20.3478,28.3173,70.3422,9.9818,30.5598,47.0116,#N/A N/A,#N/A N/A,#N/A N/A,#N/A N/A,14.1624,#N/A N/A
24/07/2020,13.4881,20.1429,18.3226,26.2562,21.7663,29.1222,67.4487,9.5008,30.9505,47.5252,#N/A N/A,#N/A N/A,#N/A N/A,#N/A N/A,13.8353,#N/A N/A
31/07/2020,13.4881,20.1429,16.2194,26.2562,21.5119,28.6472,68.1308,9.1978,30.8614,48.7795,#N/A N/A,#N/A N/A,#N/A N/A,#N/A N/A,13.4212,#N/A N/A
07/08/2020,13.4881,20.1429,16.871,26.2562,21.2988,29.5181,67.3572,9.3505,30.9848,44.5099,#N/A N/A,#N/A N/A,#N/A N/A,#N/A N/A,13.5893,#N/A N/A
14/08/2020,13.4881,20.1429,17.6129,26.2562,21.2672,30.0855,66.9509,9.2339,30.5666,45.3383,#N/A N/A,#N/A N/A,#N/A N/A,#N/A N/A,13.8267,#N/A N/A
21/08/2020,13.4881,20.1429,17.4194,26.2562,21.2092,30.0195,67.2799,9.11,30.0457,45.0326,#N/A N/A,#N/A N/A,#N/A N/A,#N/A N/A,15.874,#N/A N/A
28/08/2020,13.4881,20.1429,18.0581,26.2562,21.1696,25.4054,67.7727,8.8503,28.9009,44.4637,#N/A N/A,#N/A N/A,#N/A N/A,#N/A N/A,16.1214,#N/A N/A
04/09/2020,13.4881,20.1429,17.2387,26.2562,20.9742,25.0685,64.3675,8.629,28.565,43.9612,#N/A N/A,#N/A N/A,#N/A N/A,#N/A N/A,15.7367,#N/A N/A
11/09/2020,13.4881,20.1429,16.5516,26.2562,22.1061,25.6494,65.7308,9.1617,29.2779,44.7516,#N/A N/A,#N/A N/A,#N/A N/A,#N/A N/A,16.3654,#N/A N/A
18/09/2020,13.4881,20.1429,15.7129,26.2562,21.9062,25.51,69.0667,9.1725,29.0722,44.2251,#N/A N/A,#N/A N/A,#N/A N/A,#N/A N/A,16.2879,#N/A N/A
25/09/2020,13.4881,20.1429,14.7661,26.2562,22.05,25.0918,66.4274,8.8647,29.2916,42.5845,#N/A N/A,#N/A N/A,#N/A N/A,#N/A N/A,15.8954,#N/A N/A
02/10/2020,13.4881,20.1429,8.5711,26.2562,22.6253,24.3948,57.3796,9.1191,26.4928,46.1253,#N/A N/A,#N/A N/A,#N/A N/A,#N/A N/A,16.6994,#N/A N/A
09/10/2020,13.4881,20.1429,9.4105,26.2562,22.602,25.51,57.7266,9.1355,26.7329,46.7197,#N/A N/A,#N/A N/A,#N/A N/A,#N/A N/A,17.0204,#N/A N/A
16/10/2020,13.4881,20.1429,8.9298,26.2562,22.7232,24.8943,55.8929,8.9007,26.996,45.6106,#N/A N/A,#N/A N/A,#N/A N/A,#N/A N/A,16.7413,#N/A N/A
23/10/2020,13.4881,20.1429,9.7842,26.2562,21.8717,24.8711,54.4806,8.4828,27.0188,45.5413,#N/A N/A,#N/A N/A,#N/A N/A,#N/A N/A,16.6018,#N/A N/A
30/10/2020,13.4881,20.1429,9.3474,26.2562,20.7235,23.872,52.8987,8.1546,26.2755,42.9986,#N/A N/A,#N/A N/A,#N/A N/A,#N/A N/A,15.7879,#N/A N/A
06/11/2020,13.4881,20.1429,9.7316,26.2562,21.9824,25.3009,58.6599,8.8313,26.7329,46.2037,#N/A N/A,#N/A N/A,#N/A N/A,#N/A N/A,16.7252,#N/A N/A
13/11/2020,13.4881,20.1429,11.7684,26.2562,22.4251,26.1024,59.9221,9.0712,27.2647,50.9169,#N/A N/A,#N/A N/A,#N/A N/A,#N/A N/A,17.8938,#N/A N/A
20/11/2020,13.4881,20.1429,12.0842,26.2562,21.135,27.0317,58.1227,8.7972,26.59,52.1117,#N/A N/A,#N/A N/A,#N/A N/A,#N/A N/A,17.9818,#N/A N/A
27/11/2020,13.4881,20.1429,12.2368,26.2562,21.6276,26.4625,54.4595,8.7341,24.9831,51.9284,#N/A N/A,#N/A N/A,#N/A N/A,#N/A N/A,17.9873,#N/A N/A
04/12/2020,13.4881,20.1429,13.0368,26.2562,20.3226,26.3115,56.4306,8.7492,24.3884,52.5277,#N/A N/A,#N/A N/A,#N/A N/A,#N/A N/A,18.5068,#N/A N/A
11/12/2020,13.4881,20.1429,11.9351,26.2562,20.4289,25.9979,56.8022,8.9209,25.0117,52.9011,#N/A N/A,#N/A N/A,#N/A N/A,#N/A N/A,18.5009,#N/A N/A
18/12/2020,13.4881,20.1429,12.7193,26.2562,20.3219,26.3231,53.374,8.5624,24.8059,52.9566,#N/A N/A,#N/A N/A,#N/A N/A,#N/A N/A,18.4486,#N/A N/A
25/12/2020,13.4881,20.1429,13.5614,26.2562,20.28,27.055,51.4658,8.4121,24.5085,52.4482,#N/A N/A,#N/A N/A,#N/A N/A,#N/A N/A,18.3721,#N/A N/A
01/01/2021,13.4881,20.1429,16.6682,26.1393,21.9591,26.8807,40.9754,9.3948,24.7315,63.6476,#N/A N/A,#N/A N/A,#N/A N/A,#N/A N/A,19.9606,#N/A N/A
08/01/2021,13.4881,20.1429,17.3773,28.2615,22.1261,28.5419,41.5804,9.8597,25.1604,66.8366,#N/A N/A,#N/A N/A,#N/A N/A,#N/A N/A,21.2662,#N/A N/A
15/01/2021,13.4881,20.1429,16.9091,27.7311,22.1339,28.0656,42.3347,9.8961,25.0289,63.9889,#N/A N/A,#N/A N/A,#N/A N/A,#N/A N/A,20.8079,#N/A N/A
22/01/2021,13.4881,20.1429,16.2568,28.1633,22.0386,28.1005,43.599,9.6622,25.0403,64.4541,#N/A N/A,#N/A N/A,#N/A N/A,#N/A N/A,20.7877,#N/A N/A
29/01/2021,13.4881,20.1429,15.175,26.5148,21.4477,27.81,42.0785,9.4998,24.3027,65.4806,#N/A N/A,#N/A N/A,#N/A N/A,#N/A N/A,20.4864,#N/A N/A
05/02/2021,13.4881,20.1429,16.7295,27.2437,20.3297,28.6232,40.9457,8.8614,24.3427,66.7998,#N/A N/A,#N/A N/A,#N/A N/A,#N/A N/A,20.6892,#N/A N/A
12/02/2021,13.4881,20.1429,16.5795,28.1452,20.2751,27.9494,42.4347,8.9468,24.4856,67.5587,#N/A N/A,#N/A N/A,#N/A N/A,#N/A N/A,21.0546,#N/A N/A
19/02/2021,13.4881,20.1429,17.4591,30.0481,20.2183,20.8731,41.5288,8.5071,24.1483,68.0741,#N/A N/A,#N/A N/A,#N/A N/A,#N/A N/A,21.2029,#N/A N/A
26/02/2021,13.4881,20.1429,18.1364,30.0396,19.2951,34.1391,39.6918,8.3363,23.0561,63.5387,#N/A N/A,#N/A N/A,#N/A N/A,#N/A N/A,20.627,#N/A N/A
05/03/2021,13.4881,20.1429,19.4977,30.5777,20.2199,34.0176,38.8573,8.7018,23.6736,65.8811,#N/A N/A,#N/A N/A,#N/A N/A,#N/A N/A,26.7044,#N/A N/A
12/03/2021,13.4881,20.1429,20.5227,30.1448,20.6082,33.9872,39.6606,8.8194,23.971,67.6064,#N/A N/A,#N/A N/A,#N/A N/A,#N/A N/A,27.9054,#N/A N/A
19/03/2021,13.4881,20.1429,20.75,30.2279,20.6252,34.7313,40.4483,9.0742,24.0739,67.3736,#N/A N/A,#N/A N/A,#N/A N/A,#N/A N/A,28.0365,#N/A N/A
26/03/2021,13.4881,20.1429,20.7909,29.4681,21.1833,34.7161,41.102,9.0812,24.5886,66.656,#N/A N/A,#N/A N/A,#N/A N/A,#N/A N/A,28.6465,#N/A N/A
02/04/2021,13.4881,20.1429,12.1053,19.6347,21.1382,34.6174,32.6019,9.791,21.5426,67.3189,#N/A N/A,#N/A N/A,#N/A N/A,#N/A N/A,23.9019,#N/A N/A
09/04/2021,13.4881,20.1429,12.2171,20.1584,21.3364,35.597,32.9042,10.1128,22.4657,70.7847,#N/A N/A,#N/A N/A,#N/A N/A,#N/A N/A,24.4798,#N/A N/A
16/04/2021,13.4881,20.1429,12.4461,19.8419,21.5155,35.2097,33.5644,10.3182,22.5106,72.3479,#N/A N/A,#N/A N/A,#N/A N/A,#N/A N/A,24.8126,#N/A N/A
23/04/2021,13.4881,20.1429,11.9724,19.4918,21.1313,33.7974,34.4759,10.2891,22.5406,73.9864,#N/A N/A,#N/A N/A,#N/A N/A,#N/A N/A,24.6709,#N/A N/A
30/04/2021,13.4881,20.1429,11.5461,21.0247,21.7869,33.562,35.0982,10.2661,22.7177,72.8394,#N/A N/A,#N/A N/A,#N/A N/A,#N/A N/A,25.4897,#N/A N/A
07/05/2021,13.4881,20.1429,11.9434,21.1807,22.0154,34.5491,35.5759,10.3887,23.2441,74.3874,#N/A N/A,#N/A N/A,#N/A N/A,#N/A N/A,26.0799,#N/A N/A
14/05/2021,13.4881,20.1429,11.8882,21.2413,22.3313,35.073,36.4667,10.5021,23.3539,76.5865,#N/A N/A,#N/A N/A,#N/A N/A,#N/A N/A,25.6963,#N/A N/A
21/05/2021,13.4881,20.1429,11.7776,21.1085,22.2733,34.2757,37.8545,10.3841,23.5859,77.4027,#N/A N/A,#N/A N/A,#N/A N/A,#N/A N/A,25.8074,#N/A N/A
28/05/2021,13.4881,20.1429,12.0461,21.7018,22.0201,33.9037,37.5753,10.3013,23.4312,78.2912,#N/A N/A,#N/A N/A,#N/A N/A,#N/A N/A,25.8878,#N/A N/A
04/06/2021,13.4881,20.1429,12.1026,21.1116,22.2836,34.1694,37.5299,10.378,22.81,77.9257,#N/A N/A,#N/A N/A,#N/A N/A,#N/A N/A,26.0876,#N/A N/A
11/06/2021,13.4881,20.1429,11.8684,20.6922,22.3108,35.1717,38.696,10.755,22.9173,78.4694,#N/A N/A,#N/A N/A,#N/A N/A,#N/A N/A,26.2713,#N/A N/A
18/06/2021,13.4881,20.1429,11.3066,19.9209,22.44,33.6759,38.1086,10.9083,23.0744,77.4436,#N/A N/A,#N/A N/A,#N/A N/A,#N/A N/A,25.8791,#N/A N/A
25/06/2021,13.4881,20.1429,11.5026,19.9556,22.2089,34.0935,38.8662,10.8301,23.032,78.4662,#N/A N/A,#N/A N/A,#N/A N/A,#N/A N/A,26.3281,#N/A N/A
02/07/2021,28.7084,10.3538,6.4797,12.5618,22.9291,34.1087,42.0782,12.8713,23.0495,31.3325,#N/A N/A,#N/A N/A,#N/A N/A,#N/A N/A,20.0699,#N/A N/A
09/07/2021,28.6607,10.0547,6.5173,12.5338,23.1068,36.0981,41.6125,12.8481,23.4412,31.0393,#N/A N/A,#N/A N/A,#N/A N/A,#N/A N/A,20.1012,#N/A N/A
16/07/2021,27.1562,9.397,6.2188,12.1349,23.4229,35.6729,39.8988,12.7532,23.526,31.4578,#N/A N/A,#N/A N/A,#N/A N/A,#N/A N/A,19.7572,#N/A N/A
23/07/2021,26.456,9.1224,6.2827,12.0686,22.3232,35.5818,40.5126,12.6762,23.1892,31.4592,#N/A N/A,#N/A N/A,#N/A N/A,#N/A N/A,19.724,#N/A N/A
30/07/2021,28.2522,9.3806,6.5602,12.0654,22.4151,35.3843,39.9017,12.6923,23.0545,32.3686,#N/A N/A,#N/A N/A,#N/A N/A,#N/A N/A,19.6569,#N/A N/A
06/08/2021,28.9624,9.9489,6.8669,12.4123,22.2372,35.4071,39.2726,12.8588,23.4861,32.45,#N/A N/A,#N/A N/A,#N/A N/A,#N/A N/A,20.0425,#N/A N/A
13/08/2021,28.5074,9.8817,6.9586,12.4632,22.5187,36.8954,40.5706,13.3548,23.8379,32.882,#N/A N/A,#N/A N/A,#N/A N/A,#N/A N/A,15.2433,#N/A N/A
20/08/2021,26.7262,9.1548,6.7414,11.7915,22.1879,37.4345,41.3146,13.566,24.4241,31.3153,#N/A N/A,#N/A N/A,#N/A N/A,#N/A N/A,14.9298,#N/A N/A
27/08/2021,28.2119,9.7266,6.985,11.8851,21.759,20.839,40.9752,13.2097,23.3988,31.3409,#N/A N/A,#N/A N/A,#N/A N/A,#N/A N/A,15.0077,#N/A N/A
03/09/2021,28.0138,9.6033,6.9436,11.6498,21.3864,20.9085,40.9909,13.2384,23.4886,31.9484,#N/A N/A,#N/A N/A,#N/A N/A,#N/A N/A,15.021,#N/A N/A
10/09/2021,27.6846,9.5588,6.7767,11.3591,21.3813,20.8022,39.3155,12.7084,23.3489,31.7307,#N/A N/A,#N/A N/A,#N/A N/A,#N/A N/A,14.7885,#N/A N/A
17/09/2021,28.191,9.7737,6.8692,11.2909,21.1629,20.9289,38.4868,12.4273,24.0799,31.0059,#N/A N/A,#N/A N/A,#N/A N/A,#N/A N/A,14.6162,#N/A N/A
24/09/2021,29.464,10.2225,6.9075,11.218,21.4651,21.0556,42.0138,12.4255,22.9372,31.0868,#N/A N/A,#N/A N/A,#N/A N/A,#N/A N/A,14.7952,#N/A N/A
01/10/2021,37.8743,14.1274,5.9456,9.2815,21.4051,20.2747,92.2253,12.6418,26.7357,31.2321,#N/A N/A,#N/A N/A,#N/A N/A,#N/A N/A,15.3275,#N/A N/A
08/10/2021,39.4339,14.8406,6.1759,10.0608,20.9771,22.5357,93.8306,12.764,26.5804,31.4721,#N/A N/A,#N/A N/A,#N/A N/A,#N/A N/A,15.459,#N/A N/A
15/10/2021,41.3206,15.4205,6.2601,10.5199,21.0665,21.906,93.7997,12.7695,26.7954,32.4441,#N/A N/A,#N/A N/A,#N/A N/A,#N/A N/A,15.7597,#N/A N/A
22/10/2021,40.7801,15.0525,6.293,10.5321,21.2102,22.1391,95.9225,12.9629,27.2434,32.6523,#N/A N/A,#N/A N/A,#N/A N/A,#N/A N/A,15.6943,#N/A N/A
29/10/2021,38.9565,14.7604,6.4003,10.6307,21.3574,22.0696,96.3894,13.764,27.9363,32.3908,#N/A N/A,#N/A N/A,#N/A N/A,#N/A N/A,15.7716,#N/A N/A
05/11/2021,38.4956,14.3654,6.088,10.389,20.9773,22.5152,97.362,14.3789,28.3724,33.2512,#N/A N/A,#N/A N/A,#N/A N/A,#N/A N/A,15.9101,#N/A N/A
12/11/2021,37.3359,14.1047,6.1804,10.263,21.149,23.3043,91.5713,14.5377,29.2026,33.4945,#N/A N/A,#N/A N/A,#N/A N/A,#N/A N/A,15.9568,#N/A N/A
19/11/2021,36.7052,13.5452,6.043,10.2297,21.1211,22.8014,88.4445,13.8826,29.3729,34.0357,#N/A N/A,#N/A N/A,#N/A N/A,#N/A N/A,15.7718,#N/A N/A
26/11/2021,35.1701,13.0566,5.7487,9.7225,21.4755,22.826,86.9397,13.7841,29.9313,32.6966,#N/A N/A,#N/A N/A,#N/A N/A,#N/A N/A,15.3986,#N/A N/A
03/12/2021,37.0501,13.9082,5.907,10.0166,20.9152,22.9036,84.0498,14.0012,29.9373,33.2098,#N/A N/A,#N/A N/A,#N/A N/A,#N/A N/A,15.5675,#N/A N/A
10/12/2021,37.3258,14.0124,5.7753,10.2492,21.6865,23.2552,84.2672,14.7074,31.3828,34.166,#N/A N/A,#N/A N/A,#N/A N/A,#N/A N/A,15.9399,#N/A N/A
17/12/2021,35.8047,13.6432,5.7228,10.4026,21.5916,23.2552,87.5123,14.7202,32.0697,34.3988,#N/A N/A,#N/A N/A,#N/A N/A,#N/A N/A,15.8932,#N/A N/A
24/12/2021,37.3299,13.9525,5.9316,10.5623,21.5596,23.5414,89.4276,14.7256,32.3146,35.0836,#N/A N/A,#N/A N/A,#N/A N/A,#N/A N/A,16.1166,#N/A N/A
31/12/2021,8.4427,11.9352,5.1019,9.6389,19.2325,23.705,405.0232,16.0387,31.6516,30.4286,#N/A N/A,#N/A N/A,#N/A N/A,#N/A N/A,16.1438,#N/A N/A
07/01/2022,9.0704,13.1361,5.5999,10.3962,19.2918,23.6355,393.3049,15.9569,31.4724,29.3082,#N/A N/A,#N/A N/A,#N/A N/A,#N/A N/A,14.9094,#N/A N/A
14/01/2022,9.5624,14.1625,5.8795,11.1979,19.333,23.3043,402.334,16.3822,32.2848,28.2779,#N/A N/A,#N/A N/A,#N/A N/A,#N/A N/A,15.0095,#N/A N/A
21/01/2022,9.4242,13.8265,5.4359,10.8757,18.0063,23.6109,409.1409,16.4441,32.3684,28.375,#N/A N/A,#N/A N/A,#N/A N/A,#N/A N/A,14.9169,#N/A N/A
28/01/2022,9.7596,13.7695,5.3715,11.2276,18.6431,24.8089,404.7633,16.5818,32.6133,27.5759,#N/A N/A,#N/A N/A,#N/A N/A,#N/A N/A,14.8553,#N/A N/A
04/02/2022,10.6042,14.6581,5.473,11.7088,18.486,24.167,386.5409,16.3223,32.0876,28.2686,#N/A N/A,#N/A N/A,#N/A N/A,#N/A N/A,14.9724,#N/A N/A
11/02/2022,10.6663,15.1396,5.6231,12.2452,19.1559,24.3796,399.119,16.1665,32.7268,28.164,#N/A N/A,#N/A N/A,#N/A N/A,#N/A N/A,15.2691,#N/A N/A
18/02/2022,10.2238,14.1846,5.2154,11.7374,18.9769,24.0566,412.2206,15.6434,32.5416,27.6804,#N/A N/A,#N/A N/A,#N/A N/A,#N/A N/A,14.8099,#N/A N/A
25/02/2022,10.298,13.5161,5.1538,11.4295,18.255,14.432,415.1348,15.6135,32.8701,27.7408,#N/A N/A,#N/A N/A,#N/A N/A,#N/A N/A,14.8496,#N/A N/A
04/03/2022,9.3278,12.2874,4.278,9.8192,16.9316,13.8679,395.8821,14.8608,33.0851,25.8554,#N/A N/A,#N/A N/A,#N/A N/A,#N/A N/A,11.1937,#N/A N/A
11/03/2022,9.8505,12.5419,4.3953,9.9303,16.617,13.737,417.1511,15.4398,33.2524,24.5021,#N/A N/A,#N/A N/A,#N/A N/A,#N/A N/A,11.5102,#N/A N/A
18/03/2022,9.8502,12.6823,4.654,10.4884,16.7275,14.0391,433.6907,16.0727,33.8139,27.4762,#N/A N/A,#N/A N/A,#N/A N/A,#N/A N/A,11.953,#N/A N/A
25/03/2022,10.7108,13.79,4.5645,10.8241,16.6713,13.888,447.8565,16.2085,33.6466,28.0546,#N/A N/A,#N/A N/A,#N/A N/A,#N/A N/A,12.076,#N/A N/A
01/04/2022,9.8847,13.4228,4.1829,11.9504,17.0755,14.0517,460.4932,14.0433,19.289,28.2502,#N/A N/A,#N/A N/A,#N/A N/A,#N/A N/A,12.8587,#N/A N/A
08/04/2022,10.0546,13.4228,4.1135,11.9086,17.3878,13.6639,460.4932,15.0775,20.3339,29.1853,#N/A N/A,#N/A N/A,#N/A N/A,#N/A N/A,13.0873,#N/A N/A
15/04/2022,10.1854,13.4228,4.1493,11.7603,16.9742,13.4121,460.4932,15.03,19.629,28.8267,#N/A N/A,#N/A N/A,#N/A N/A,#N/A N/A,12.9116,#N/A N/A
22/04/2022,9.9955,13.4228,4.1732,11.5821,17.2925,13.3768,460.4932,14.7673,19.4466,27.8655,#N/A N/A,#N/A N/A,#N/A N/A,#N/A N/A,12.7523,#N/A N/A
29/04/2022,9.7267,13.4228,4.2159,10.8713,18.1833,13.6992,460.4932,15.2335,19.8032,28.1546,#N/A N/A,#N/A N/A,#N/A N/A,#N/A N/A,12.7858,#N/A N/A
06/05/2022,10.1121,13.4228,4.2284,10.6952,17.2451,13.669,460.4932,14.9961,19.5627,26.0423,#N/A N/A,#N/A N/A,#N/A N/A,#N/A N/A,12.5212,#N/A N/A
13/05/2022,10.0305,13.4228,4.2773,10.5778,18.0618,14.1625,460.4932,14.8808,20.2344,26.06,#N/A N/A,#N/A N/A,#N/A N/A,#N/A N/A,12.5807,#N/A N/A
20/05/2022,10.3704,13.4228,4.3445,10.5528,17.0483,13.1099,460.4932,14.9538,20.0769,24.996,#N/A N/A,#N/A N/A,#N/A N/A,#N/A N/A,12.4895,#N/A N/A
27/05/2022,10.6778,13.4228,4.8469,11.5724,16.7759,13.0193,460.4932,14.6927,19.3056,25.5861,#N/A N/A,#N/A N/A,#N/A N/A,#N/A N/A,12.842,#N/A N/A
03/06/2022,10.4775,13.4228,4.7735,11.3864,17.8074,13.0394,460.4932,14.4773,18.5924,25.1587,#N/A N/A,#N/A N/A,#N/A N/A,#N/A N/A,12.7556,#N/A N/A
10/06/2022,10.2431,13.4228,4.5459,10.5938,17.4699,12.5962,460.4932,14.7215,17.9456,24.2447,#N/A N/A,#N/A N/A,#N/A N/A,#N/A N/A,12.4064,#N/A N/A
17/06/2022,8.8663,13.4228,4.4355,10.6906,17.1557,12.6768,460.4932,14.2722,17.1412,23.7465,#N/A N/A,#N/A N/A,#N/A N/A,#N/A N/A,11.8977,#N/A N/A
24/06/2022,9.1144,13.4228,4.5214,11.3657,17.8258,12.8631,460.4932,14.8876,17.4315,25.0026,#N/A N/A,#N/A N/A,#N/A N/A,#N/A N/A,12.223,#N/A N/A
01/07/2022,5.3339,13.4228,5.1665,9.5662,18.4417,12.8329,460.4932,18.2535,17.7798,19.6201,#N/A N/A,#N/A N/A,#N/A N/A,#N/A N/A,11.5799,#N/A N/A
08/07/2022,5.1275,13.4228,5.1247,9.3912,19.004,13.1855,460.4932,17.9387,17.7217,19.7435,#N/A N/A,#N/A N/A,#N/A N/A,#N/A N/A,11.6385,#N/A N/A
15/07/2022,4.9242,13.4228,5.0687,9.0534,19.2594,13.0394,460.4932,17.5748,18.3354,20.1733,#N/A N/A,#N/A N/A,#N/A N/A,#N/A N/A,11.583,#N/A N/A
22/07/2022,5.1188,13.4228,5.323,9.2041,19.2597,13.0646,460.4932,17.616,18.3022,20.7673,#N/A N/A,#N/A N/A,#N/A N/A,#N/A N/A,11.7845,#N/A N/A
29/07/2022,5.5358,13.4228,5.3007,9.2895,20.0222,13.2258,460.4932,17.4583,18.7666,21.9367,#N/A N/A,#N/A N/A,#N/A N/A,#N/A N/A,11.9964,#N/A N/A
05/08/2022,5.4212,13.4228,5.5307,9.7262,19.7383,13.1955,460.4932,16.8459,18.609,21.5707,#N/A N/A,#N/A N/A,#N/A N/A,#N/A N/A,10.8777,#N/A N/A
12/08/2022,5.6087,13.4228,5.787,9.9223,19.354,13.266,460.4932,14.653,18.8993,21.5914,#N/A N/A,#N/A N/A,#N/A N/A,#N/A N/A,11.5931,#N/A N/A
19/08/2022,5.5508,13.4228,5.5739,9.4329,19.7708,13.6438,460.4932,14.4024,19.3803,21.7449,#N/A N/A,#N/A N/A,#N/A N/A,#N/A N/A,11.6959,#N/A N/A
26/08/2022,5.7273,13.4228,5.4666,9.1352,19.4218,20.4529,460.4932,14.0952,18.8661,20.8802,#N/A N/A,#N/A N/A,#N/A N/A,#N/A N/A,11.497,#N/A N/A
02/09/2022,5.5912,13.4228,5.6872,9.1602,18.9204,20.0482,460.4932,13.6627,17.8129,20.2281,#N/A N/A,#N/A N/A,#N/A N/A,#N/A N/A,11.2772,#N/A N/A
09/09/2022,5.5704,13.4228,5.6939,9.0508,19.115,19.4169,460.4932,13.6283,17.7632,20.4548,#N/A N/A,#N/A N/A,#N/A N/A,#N/A N/A,11.4459,#N/A N/A
16/09/2022,5.4641,13.4228,5.7715,8.9695,18.8241,18.737,460.4932,13.3534,17.1827,19.8199,#N/A N/A,#N/A N/A,#N/A N/A,#N/A N/A,11.2705,#N/A N/A
23/09/2022,5.0374,13.4228,5.4585,8.2579,18.9409,17.8225,460.4932,13.2706,16.8012,19.0802,#N/A N/A,#N/A N/A,#N/A N/A,#N/A N/A,10.9286,#N/A N/A
30/09/2022,4.3259,13.4228,4.723,8.7718,18.9097,16.7379,83.846,14.733,11.1908,19.627,#N/A N/A,#N/A N/A,#N/A N/A,#N/A N/A,10.7352,#N/A N/A
07/10/2022,4.5035,13.4228,4.6961,8.7409,18.7136,16.2442,84.328,15.1482,10.9143,19.2407,#N/A N/A,#N/A N/A,#N/A N/A,#N/A N/A,10.7834,#N/A N/A
14/10/2022,4.3833,13.4228,4.6745,8.6362,18.6841,16.3575,83.0142,15.234,10.472,19.0053,#N/A N/A,#N/A N/A,#N/A N/A,#N/A N/A,10.5764,#N/A N/A
21/10/2022,4.5663,13.4228,4.7472,9.0746,18.913,16.9321,82.9145,15.7101,10.8254,18.719,#N/A N/A,#N/A N/A,#N/A N/A,#N/A N/A,10.7538,#N/A N/A
28/10/2022,4.8491,13.4228,4.793,8.6429,19.1451,17.2154,88.8841,15.9832,11.3976,19.126,#N/A N/A,#N/A N/A,#N/A N/A,#N/A N/A,10.8521,#N/A N/A
04/11/2022,4.9538,13.4228,5.0248,9.3656,19.4009,18.0653,92.2266,16.3104,11.6283,19.4087,#N/A N/A,#N/A N/A,#N/A N/A,#N/A N/A,11.2865,#N/A N/A
11/11/2022,4.8176,13.4228,5.1786,9.3567,18.8353,18.47,94.7317,14.9339,11.9865,19.8287,#N/A N/A,#N/A N/A,#N/A N/A,#N/A N/A,11.2291,#N/A N/A
18/11/2022,4.8184,13.4228,5.1786,9.5945,19.4661,18.7209,98.2717,15.4393,12.2306,20.2665,#N/A N/A,#N/A N/A,#N/A N/A,#N/A N/A,11.4055,#N/A N/A
25/11/2022,4.9531,13.4228,5.2061,10.0351,20.0366,19.0203,100.3702,15.7101,12.2546,21.1321,#N/A N/A,#N/A N/A,#N/A N/A,#N/A N/A,11.556,#N/A N/A
02/12/2022,5.0244,13.4228,5.1328,10.3218,20.4215,18.4942,103.9639,16.0667,12.2606,21.9318,#N/A N/A,#N/A N/A,#N/A N/A,#N/A N/A,11.662,#N/A N/A
09/12/2022,4.8595,13.4228,5.2198,10.2825,20.143,18.4457,105.6868,16.448,12.2245,21.3563,#N/A N/A,#N/A N/A,#N/A N/A,#N/A N/A,11.5408,#N/A N/A
16/12/2022,4.7266,13.4228,5.0542,10.1118,19.9311,17.9924,102.9395,16.1118,11.9697,20.4973,#N/A N/A,#N/A N/A,#N/A N/A,#N/A N/A,11.3178,#N/A N/A
23/12/2022,4.9348,13.4228,5.1629,10.3733,20.0408,18.3485,102.6149,16.3916,11.8952,20.4151,#N/A N/A,#N/A N/A,#N/A N/A,#N/A N/A,11.5352,#N/A N/A
30/12/2022,4.8854,13.4228,5.1559,8.581,14.9793,18.1462,64.0167,12.1445,11.9889,20.1143,#N/A N/A,#N/A N/A,#N/A N/A,#N/A N/A,11.5024,#N/A N/A
06/01/2023,4.9305,13.4228,5.5976,9.4511,15.1361,19.5383,67.163,12.0988,12.5551,20.0734,#N/A N/A,#N/A N/A,#N/A N/A,#N/A N/A,10.2894,#N/A N/A
13/01/2023,5.1729,13.4228,5.8786,9.9275,15.0731,19.8783,67.1265,12.1191,12.4169,20.4629,#N/A N/A,#N/A N/A,#N/A N/A,#N/A N/A,10.4948,#N/A N/A
20/01/2023,5.0817,13.4228,5.8031,10.0961,14.8139,20.0644,65.4408,11.8843,12.4409,20.7613,#N/A N/A,#N/A N/A,#N/A N/A,#N/A N/A,10.388,#N/A N/A
27/01/2023,5.0999,13.4228,6.0425,10.2349,14.5408,19.9835,62.0886,11.9113,12.3568,19.3161,#N/A N/A,#N/A N/A,#N/A N/A,#N/A N/A,10.3836,#N/A N/A
03/02/2023,5.0606,13.4228,6.1356,9.9099,14.7544,19.943,60.2497,12.1614,12.4289,19.6828,#N/A N/A,#N/A N/A,#N/A N/A,#N/A N/A,10.5657,#N/A N/A
10/02/2023,5.3112,13.4228,6.0406,10.1189,14.8014,19.6678,64.735,12.4435,12.4349,19.1355,#N/A N/A,#N/A N/A,#N/A N/A,#N/A N/A,10.5268,#N/A N/A
17/02/2023,5.3026,13.4228,5.6431,10.2682,15.1182,20.3072,65.1235,12.5381,12.8616,19.4946,#N/A N/A,#N/A N/A,#N/A N/A,#N/A N/A,10.6685,#N/A N/A
24/02/2023,5.1828,13.4228,5.5481,10.4448,15.0552,27.6961,62.5475,12.207,12.6873,19.6194,#N/A N/A,#N/A N/A,#N/A N/A,#N/A N/A,10.5374,#N/A N/A
03/03/2023,5.3795,13.4228,5.5774,10.2134,14.8598,28.7506,61.0924,12.1833,12.3988,19.5659,#N/A N/A,#N/A N/A,#N/A N/A,#N/A N/A,10.3085,#N/A N/A
10/03/2023,5.3275,13.4228,5.1201,9.8296,14.5859,29.1208,60.8575,11.815,12.6212,19.2299,#N/A N/A,#N/A N/A,#N/A N/A,#N/A N/A,10.3925,#N/A N/A
17/03/2023,4.6836,13.4228,4.5392,9.0852,14.6537,27.6961,62.155,11.8336,12.489,19.2876,#N/A N/A,#N/A N/A,#N/A N/A,#N/A N/A,10.1102,#N/A N/A
24/03/2023,4.6719,13.4228,4.3551,8.9817,15.1238,28.1336,63.9138,11.837,12.7234,20.048,#N/A N/A,#N/A N/A,#N/A N/A,#N/A N/A,10.2055,#N/A N/A
31/03/2023,4.6884,4.4528,4.3334,6.1313,15.0954,29.805,45.7732,12.9556,14.2899,20.3275,#N/A N/A,#N/A N/A,#N/A N/A,#N/A N/A,10.5265,#N/A N/A
07/04/2023,4.9545,4.6799,4.5064,6.337,15.5701,29.6256,48.1245,13.8078,14.8568,20.917,#N/A N/A,#N/A N/A,#N/A N/A,#N/A N/A,10.5809,#N/A N/A
14/04/2023,5.0232,4.7378,4.6925,6.5473,15.4445,30.0855,48.6866,13.7353,14.5766,20.7829,#N/A N/A,#N/A N/A,#N/A N/A,#N/A N/A,10.7521,#N/A N/A
21/04/2023,5.0149,4.6508,4.5546,6.4414,15.7686,31.2858,49.9908,13.3382,14.9285,21.2919,#N/A N/A,#N/A N/A,#N/A N/A,#N/A N/A,10.8118,#N/A N/A
28/04/2023,5.0714,4.7441,4.7519,6.5177,16.0382,31.5325,48.7478,13.0644,14.9155,20.747,#N/A N/A,#N/A N/A,#N/A N/A,#N/A N/A,10.743,#N/A N/A
05/05/2023,4.9725,4.3954,4.5546,6.8521,15.9923,31.7457,49.7616,13.2584,14.9937,21.1452,#N/A N/A,#N/A N/A,#N/A N/A,#N/A N/A,10.5768,#N/A N/A
12/05/2023,4.9337,4.2459,4.5742,6.7453,15.8413,30.9268,49.3559,13.3291,15.1435,20.0478,#N/A N/A,#N/A N/A,#N/A N/A,#N/A N/A,10.5397,#N/A N/A
19/05/2023,4.9396,4.2369,4.7382,6.8784,15.6044,29.9172,49.4154,12.9084,14.3746,20.1486,#N/A N/A,#N/A N/A,#N/A N/A,#N/A N/A,10.4984,#N/A N/A
26/05/2023,4.7762,4.1559,4.6758,6.8106,15.2235,29.5919,48.0072,12.6219,14.1987,19.6686,#N/A N/A,#N/A N/A,#N/A N/A,#N/A N/A,10.4409,#N/A N/A
02/06/2023,4.6892,4.1692,4.6592,6.7779,14.9539,29.4349,48.2715,12.3989,13.7491,19.1258,#N/A N/A,#N/A N/A,#N/A N/A,#N/A N/A,10.4143,#N/A N/A
09/06/2023,4.7483,4.165,4.6467,6.9044,14.7379,29.3788,48.6338,12.4932,13.7426,19.0306,#N/A N/A,#N/A N/A,#N/A N/A,#N/A N/A,10.338,#N/A N/A
16/06/2023,4.9283,4.1619,4.5754,7.0886,15.1022,29.4909,49.9025,12.3717,13.6774,19.5998,#N/A N/A,#N/A N/A,#N/A N/A,#N/A N/A,10.5582,#N/A N/A
23/06/2023,4.8425,4.076,4.3162,6.9078,15.1303,27.9093,47.8706,12.9211,13.534,19.1179,#N/A N/A,#N/A N/A,#N/A N/A,#N/A N/A,10.3096,#N/A N/A
30/06/2023,7.2299,5.5972,4.2789,6.677,13.8864,27.8644,36.1173,10.45,13.5601,21.9089,#N/A N/A,#N/A N/A,#N/A N/A,#N/A N/A,10.4059,#N/A N/A
07/07/2023,7.1184,5.5965,4.1489,6.6187,13.598,27.6401,32.7213,9.9022,13.0219,21.4239,#N/A N/A,#N/A N/A,#N/A N/A,#N/A N/A,9.814,#N/A N/A
14/07/2023,7.3633,5.748,4.3269,6.7902,13.5545,28.0439,34.1004,9.9338,13.3125,22.4658,#N/A N/A,#N/A N/A,#N/A N/A,#N/A N/A,10.0581,#N/A N/A
21/07/2023,7.5469,5.8756,4.5546,6.9725,13.7304,29.1881,34.8845,10.4454,13.736,22.5388,#N/A N/A,#N/A N/A,#N/A N/A,#N/A N/A,10.3735,#N/A N/A
28/07/2023,7.3161,5.8771,4.3448,7.0323,14.3482,29.3227,35.8563,10.4063,13.4428,22.5371,#N/A N/A,#N/A N/A,#N/A N/A,#N/A N/A,10.321,#N/A N/A
04/08/2023,7.4101,5.9712,4.2053,6.8703,13.7881,28.1,35.1264,10.1354,12.7664,21.713,#N/A N/A,#N/A N/A,#N/A N/A,#N/A N/A,10.1767,#N/A N/A
11/08/2023,7.4421,5.9281,4.0898,6.6971,13.7718,28.1785,35.2599,10.316,12.7847,21.7137,#N/A N/A,#N/A N/A,#N/A N/A,#N/A N/A,10.4346,#N/A N/A
18/08/2023,7.3005,5.7948,4.0239,6.2853,13.5749,28.0102,34.2157,10.1505,12.3989,21.1855,#N/A N/A,#N/A N/A,#N/A N/A,#N/A N/A,10.1792,#N/A N/A
25/08/2023,7.2637,5.7467,4.0167,6.2464,13.6885,14.0256,33.7844,10.3386,12.743,20.9627,#N/A N/A,#N/A N/A,#N/A N/A,#N/A N/A,10.2864,#N/A N/A
01/09/2023,7.4694,6.0545,4.1584,6.2551,13.6859,14.2737,33.9301,10.4409,12.8446,20.541,#N/A N/A,#N/A N/A,#N/A N/A,#N/A N/A,10.5358,#N/A N/A
08/09/2023,7.5695,6.1909,4.1355,6.151,13.6935,13.9448,34.0461,10.8668,12.9854,20.3338,#N/A N/A,#N/A N/A,#N/A N/A,#N/A N/A,10.5534,#N/A N/A
15/09/2023,7.765,6.2304,4.5043,6.5906,13.8737,14.5972,34.1703,11.3589,13.3255,19.9924,#N/A N/A,#N/A N/A,#N/A N/A,#N/A N/A,10.8973,#N/A N/A
22/09/2023,7.7541,6.1854,4.3331,6.6548,13.7706,14.608,34.0896,11.4959,13.3255,19.7007,#N/A N/A,#N/A N/A,#N/A N/A,#N/A N/A,10.8564,#N/A N/A
29/09/2023,7.4844,4.51,4.5744,5.729,13.6387,14.2467,35.6608,9.9334,13.5861,18.883,#N/A N/A,#N/A N/A,#N/A N/A,#N/A N/A,10.7671,#N/A N/A
06/10/2023,7.4311,4.3009,4.4541,5.8294,13.2094,15.0125,35.2275,9.9827,12.9706,18.9887,#N/A N/A,#N/A N/A,#N/A N/A,#N/A N/A,10.6266,#N/A N/A
13/10/2023,7.7734,4.6221,4.4058,5.7646,13.1953,14.8615,35.0504,10.0533,13.5778,18.8567,#N/A N/A,#N/A N/A,#N/A N/A,#N/A N/A,10.7761,#N/A N/A
20/10/2023,7.8,4.6091,4.1692,5.4481,13.3248,14.7051,33.3595,9.7337,13.3643,19.1651,#N/A N/A,#N/A N/A,#N/A N/A,#N/A N/A,10.498,#N/A N/A
27/10/2023,7.7088,4.4751,3.7185,5.3066,12.7457,14.6889,32.3222,9.5419,13.6028,18.7128,#N/A N/A,#N/A N/A,#N/A N/A,#N/A N/A,10.3408,#N/A N/A
03/11/2023,7.7291,4.218,3.924,5.4277,12.9363,14.8723,33.4694,9.2916,13.819,20.1623,#N/A N/A,#N/A N/A,#N/A N/A,#N/A N/A,10.5192,#N/A N/A
10/11/2023,7.5587,4.0592,3.9021,5.3278,13.1457,14.9747,32.4394,9.3103,13.6471,17.7538,#N/A N/A,#N/A N/A,#N/A N/A,#N/A N/A,10.4439,#N/A N/A
17/11/2023,7.6328,4.1306,4.1099,5.5699,12.6802,14.883,33.5772,9.3915,14.0852,17.8152,#N/A N/A,#N/A N/A,#N/A N/A,#N/A N/A,10.9772,#N/A N/A
24/11/2023,7.6983,4.1772,4.0765,5.5928,12.742,15.3036,33.7762,9.4714,13.9951,18.1548,#N/A N/A,#N/A N/A,#N/A N/A,#N/A N/A,10.9607,#N/A N/A
01/12/2023,7.6708,4.2228,4.0972,5.5815,12.8332,15.0772,34.0694,9.5606,14.3209,18.2283,#N/A N/A,#N/A N/A,#N/A N/A,#N/A N/A,11.021,#N/A N/A
08/12/2023,7.4405,4.0847,4.1237,5.6539,12.8516,15.5247,33.4186,9.5499,14.6952,18.0975,#N/A N/A,#N/A N/A,#N/A N/A,#N/A N/A,11.053,#N/A N/A
15/12/2023,7.4831,4.0449,4.2204,5.6317,12.7267,15.2443,34.0588,9.4487,14.7784,18.3575,#N/A N/A,#N/A N/A,#N/A N/A,#N/A N/A,11.0853,#N/A N/A
22/12/2023,7.6747,4.1285,4.3683,5.8069,12.7129,15.46,34.9029,9.6511,14.7091,18.4137,#N/A N/A,#N/A N/A,#N/A N/A,#N/A N/A,11.2625,#N/A N/A
29/12/2023,11.5158,6.8709,5.592,7.1028,16.1824,15.6649,35.2312,11.926,14.6675,20.7558,#N/A N/A,#N/A N/A,#N/A N/A,#N/A N/A,11.3148,#N/A N/A
05/01/2024,11.4784,6.963,5.6582,7.0677,16.4313,16.2257,35.6471,12.6743,14.9032,20.0331,#N/A N/A,#N/A N/A,#N/A N/A,#N/A N/A,10.3035,#N/A N/A
12/01/2024,11.0011,6.6819,5.2924,6.8066,16.5168,16.0101,36.0369,12.9359,14.7437,20.3521,#N/A N/A,#N/A N/A,#N/A N/A,#N/A N/A,10.2151,#N/A N/A
19/01/2024,10.5533,6.5323,5.1287,6.5377,15.9615,15.9615,34.7202,12.8586,14.2308,19.6188,#N/A N/A,#N/A N/A,#N/A N/A,#N/A N/A,10.002,#N/A N/A
26/01/2024,10.8373,6.7786,5.4269,6.8679,16.5172,15.8267,34.9144,12.6398,14.4665,20.6239,#N/A N/A,#N/A N/A,#N/A N/A,#N/A N/A,10.2388,#N/A N/A
02/02/2024,10.9431,6.6848,5.4807,6.7861,16.696,15.6811,34.045,13.25,14.4249,21.1001,#N/A N/A,#N/A N/A,#N/A N/A,#N/A N/A,10.2158,#N/A N/A
09/02/2024,11.0236,6.9787,5.1738,6.7412,17.3148,15.1257,32.1045,13.6513,13.8329,20.8524,#N/A N/A,#N/A N/A,#N/A N/A,#N/A N/A,10.1681,#N/A N/A
16/02/2024,11.0464,6.8726,5.3353,7.0529,17.4011,15.0772,33.142,13.7862,14.0852,21.0171,#N/A N/A,#N/A N/A,#N/A N/A,#N/A N/A,10.2593,#N/A N/A
23/02/2024,11.0944,6.8244,5.9542,6.6303,17.3029,11.2815,33.742,13.7533,14.3417,21.5561,#N/A N/A,#N/A N/A,#N/A N/A,#N/A N/A,10.252,#N/A N/A
01/03/2024,11.0773,6.8936,6.1644,6.7916,16.6745,11.1968,33.222,13.6661,14.3486,21.3565,#N/A N/A,#N/A N/A,#N/A N/A,#N/A N/A,10.2641,#N/A N/A
08/03/2024,11.1403,7.0054,6.2633,6.525,16.6315,11.5437,34.1168,13.7582,14.5982,21.0274,#N/A N/A,#N/A N/A,#N/A N/A,#N/A N/A,11.5276,#N/A N/A
15/03/2024,11.3824,7.2179,6.4335,6.6658,16.6264,11.6002,34.123,13.5658,14.5358,21.0702,#N/A N/A,#N/A N/A,#N/A N/A,#N/A N/A,11.6631,#N/A N/A
22/03/2024,11.6288,7.2543,6.5745,6.8907,17.106,11.8664,34.3722,13.8717,14.7853,20.8004,#N/A N/A,#N/A N/A,#N/A N/A,#N/A N/A,12.0274,#N/A N/A
29/03/2024,12.1394,11.5401,6.9132,6.7258,17.1624,11.9632,32.9608,15.4624,17.7829,21.0311,#N/A N/A,#N/A N/A,#N/A N/A,#N/A N/A,12.1861,#N/A N/A
05/04/2024,12.8664,11.7916,7.16,6.9747,16.5164,11.6809,32.8078,14.7466,17.2324,20.5009,#N/A N/A,#N/A N/A,#N/A N/A,#N/A N/A,12.1393,#N/A N/A
12/04/2024,13.3929,12.3755,6.9004,7.0006,16.3886,11.4106,33.6762,14.8733,17.3074,19.7348,#N/A N/A,#N/A N/A,#N/A N/A,#N/A N/A,12.2751,#N/A N/A
19/04/2024,12.9392,11.764,7.0128,6.8906,16.3612,11.3501,33.1592,14.4706,17.3491,20.0117,#N/A N/A,#N/A N/A,#N/A N/A,#N/A N/A,12.1181,#N/A N/A
26/04/2024,13.2817,12.085,7.7113,7.1321,17.8154,11.6526,36.603,14.9593,17.4909,19.7398,#N/A N/A,#N/A N/A,#N/A N/A,#N/A N/A,12.4885,#N/A N/A
03/05/2024,13.1334,11.8052,7.6358,7.6158,18.0158,12.0318,36.9543,15.6878,17.9163,19.491,#N/A N/A,#N/A N/A,#N/A N/A,#N/A N/A,12.5958,#N/A N/A
10/05/2024,13.5268,11.7006,8.0736,7.5085,18.4136,12.5722,37.9115,16.2851,18.6337,20.3422,#N/A N/A,#N/A N/A,#N/A N/A,#N/A N/A,12.9441,#N/A N/A
17/05/2024,13.0476,11.5065,8.1792,7.6189,18.6186,12.54,37.6061,16.0633,18.9506,20.2536,#N/A N/A,#N/A N/A,#N/A N/A,#N/A N/A,12.9368,#N/A N/A
24/05/2024,12.9299,11.3415,8.1566,7.5992,18.6182,12.7054,38.2829,16.0588,15.9896,19.5268,#N/A N/A,#N/A N/A,#N/A N/A,#N/A N/A,12.9307,#N/A N/A
31/05/2024,13.11,11.4589,8.3019,7.6297,18.5387,12.544,37.941,15.9864,15.8638,19.0676,#N/A N/A,#N/A N/A,#N/A N/A,#N/A N/A,12.8609,#N/A N/A
07/06/2024,12.7357,10.8563,8.1981,7.6064,19.1106,12.4069,39.0617,14.7421,15.6265,19.3448,#N/A N/A,#N/A N/A,#N/A N/A,#N/A N/A,12.8157,#N/A N/A
14/06/2024,12.5987,10.7616,7.6226,7.3899,19.4766,12.5117,38.8055,14.5204,15.8566,18.6312,#N/A N/A,#N/A N/A,#N/A N/A,#N/A N/A,12.6631,#N/A N/A
21/06/2024,12.8566,10.9773,7.7302,7.437,19.3494,12.4472,38.5412,14.4706,16.1586,18.5535,#N/A N/A,#N/A N/A,#N/A N/A,#N/A N/A,12.8034,#N/A N/A
28/06/2024,12.7048,13.8965,7.9733,7.3809,18.4236,12.3423,37.5492,15.4183,15.8674,18.1739,#N/A N/A,#N/A N/A,#N/A N/A,#N/A N/A,12.6891,#N/A N/A
05/07/2024,12.9886,14.2753,8.4179,7.3595,18.3934,12.544,37.0896,15.2319,16.6836,18.6457,#N/A N/A,#N/A N/A,#N/A N/A,#N/A N/A,13.0466,#N/A N/A
12/07/2024,12.9525,13.6239,8.4905,7.4404,18.9793,12.8385,38.2742,15.2923,17.0935,19.0448,#N/A N/A,#N/A N/A,#N/A N/A,#N/A N/A,13.1289,#N/A N/A
19/07/2024,12.7926,13.6608,8.7271,7.2773,19.1674,13.149,37.581,15.3478,16.8023,18.5723,#N/A N/A,#N/A N/A,#N/A N/A,#N/A N/A,12.9868,#N/A N/A
26/07/2024,12.6891,13.5351,8.8321,7.3108,20.1908,13.1934,37.6936,15.6552,17.5142,19.0724,#N/A N/A,#N/A N/A,#N/A N/A,#N/A N/A,13.2142,#N/A N/A
02/08/2024,12.594,13.1588,7.9809,6.947,20.4134,13.1773,38.7667,15.751,17.9241,17.5765,#N/A N/A,#N/A N/A,#N/A N/A,#N/A N/A,13.0068,#N/A N/A
09/08/2024,12.5589,12.8008,8.3302,6.9977,19.8638,13.3305,38.9487,15.7813,17.5969,17.8765,#N/A N/A,#N/A N/A,#N/A N/A,#N/A N/A,12.7695,#N/A N/A
16/08/2024,12.7835,13.1885,8.7137,7.2427,19.9537,13.7621,40.521,16.0383,17.6688,18.5302,#N/A N/A,#N/A N/A,#N/A N/A,#N/A N/A,13.0015,#N/A N/A
23/08/2024,12.7232,13.0995,8.7958,7.3726,20.4129,13.1129,41.4629,16.1542,17.8881,19.2792,#N/A N/A,#N/A N/A,#N/A N/A,#N/A N/A,13.0279,#N/A N/A
30/08/2024,12.4724,13.031,8.7176,7.4668,20.9347,13.2857,41.861,16.7036,17.9528,18.7308,#N/A N/A,#N/A N/A,#N/A N/A,#N/A N/A,13.3173,#N/A N/A
06/09/2024,11.7056,12.3127,8.4294,7.2668,21.2216,13.7702,39.8962,16.6482,18.3286,18.183,#N/A N/A,#N/A N/A,#N/A N/A,#N/A N/A,13.0256,#N/A N/A
13/09/2024,11.8947,12.2775,8.4408,7.3839,21.0301,13.6913,37.6506,16.4667,18.7601,18.729,#N/A N/A,#N/A N/A,#N/A N/A,#N/A N/A,13.1691,#N/A N/A
20/09/2024,12.1068,12.6247,8.6546,7.5141,20.8018,13.65,37.7356,15.4839,18.6252,19.1956,#N/A N/A,#N/A N/A,#N/A N/A,#N/A N/A,13.1154,#N/A N/A
27/09/2024,11.5037,12.0162,8.75,7.7793,21.1089,13.5486,37.4917,15.494,18.6072,20.5027,#N/A N/A,#N/A N/A,#N/A N/A,#N/A N/A,13.2599,#N/A N/A
04/10/2024,13.7975,33.643,7.9108,7.4284,20.5755,13.6049,36.7408,23.6548,24.0242,19.6869,#N/A N/A,#N/A N/A,#N/A N/A,#N/A N/A,13.1402,#N/A N/A
11/10/2024,13.8307,32.9399,8.2465,7.2056,20.6321,13.4171,36.7042,23.987,24.0194,19.2615,#N/A N/A,#N/A N/A,#N/A N/A,#N/A N/A,13.1088,#N/A N/A
18/10/2024,13.5045,32.0762,8.4703,7.2686,20.842,13.5899,37.1894,23.9222,24.7712,19.972,#N/A N/A,#N/A N/A,#N/A N/A,#N/A N/A,13.2754,#N/A N/A
25/10/2024,13.5093,32.3347,8.4406,7.2472,20.556,13.2518,35.9454,23.4765,24.0627,19.225,#N/A N/A,#N/A N/A,#N/A N/A,#N/A N/A,13.1019,#N/A N/A
01/11/2024,13.6087,30.0884,8.4126,7.5109,20.3812,13.0716,34.0077,23.0065,23.788,17.8833,#N/A N/A,#N/A N/A,#N/A N/A,#N/A N/A,12.9884,#N/A N/A
08/11/2024,13.4997,29.6274,8.7937,7.286,19.6385,12.9664,30.4819,22.3825,23.5133,17.2781,#N/A N/A,#N/A N/A,#N/A N/A,#N/A N/A,12.844,#N/A N/A
15/11/2024,13.1991,29.7376,9.0682,7.4105,19.5405,12.9852,30.0697,21.0859,23.4892,17.095,#N/A N/A,#N/A N/A,#N/A N/A,#N/A N/A,12.8759,#N/A N/A
22/11/2024,13.3125,30.2802,8.993,7.4315,20.2807,13.2744,31.322,21.7504,23.9471,17.3544,#N/A N/A,#N/A N/A,#N/A N/A,#N/A N/A,13.1733,#N/A N/A
29/11/2024,13.1473,30.1187,9.2238,7.6331,20.3433,13.7627,32.226,21.637,23.9182,17.2851,#N/A N/A,#N/A N/A,#N/A N/A,#N/A N/A,13.2155,#N/A N/A
06/12/2024,12.8735,29.5877,9.2587,7.749,20.0573,13.7815,32.3637,21.7828,23.0892,17.8051,#N/A N/A,#N/A N/A,#N/A N/A,#N/A N/A,13.2508,#N/A N/A
13/12/2024,12.8708,30.7525,9.4196,7.9174,20.1528,13.973,31.5314,21.5478,22.7567,19.0838,#N/A N/A,#N/A N/A,#N/A N/A,#N/A N/A,13.2376,#N/A N/A
20/12/2024,12.3185,29.4003,9.0997,7.851,19.8032,13.7627,30.8512,21.3938,22.376,18.2284,#N/A N/A,#N/A N/A,#N/A N/A,#N/A N/A,12.8936,#N/A N/A
27/12/2024,12.5113,29.7923,9.2622,7.9913,19.8272,13.7815,31.355,21.7585,22.776,18.386,#N/A N/A,#N/A N/A,#N/A N/A,#N/A N/A,12.9975,#N/A N/A
03/01/2025,12.5972,294.5304,7.4014,7.8336,22.7722,13.9843,28.9772,21.2025,22.935,18.8067,#N/A N/A,#N/A N/A,#N/A N/A,#N/A N/A,13.4873,#N/A N/A
10/01/2025,12.6809,302.0682,7.1681,7.8755,22.3953,13.511,29.5643,21.3528,22.1302,18.4948,#N/A N/A,#N/A N/A,#N/A N/A,#N/A N/A,13.5237,#N/A N/A
17/01/2025,13.0896,307.3683,8.0375,8.0756,22.4873,13.6951,29.3278,21.5032,23.2097,18.3303,#N/A N/A,#N/A N/A,#N/A N/A,#N/A N/A,13.9527,#N/A N/A
24/01/2025,12.9322,304.8306,8.1403,8.2372,22.3528,13.5223,30.3948,21.4636,23.0121,19.3376,#N/A N/A,#N/A N/A,#N/A N/A,#N/A N/A,13.962,#N/A N/A
31/01/2025,13.185,305.9195,8.25,8.493,22.9221,13.9806,31.1185,22.231,23.6097,18.634,#N/A N/A,#N/A N/A,#N/A N/A,#N/A N/A,14.2441,#N/A N/A
07/02/2025,12.9668,312.4186,8.4639,8.5412,23.3734,14.5477,31.6905,22.8323,23.6724,17.0464,#N/A N/A,#N/A N/A,#N/A N/A,#N/A N/A,14.293,#N/A N/A
14/02/2025,13.3267,342.9355,8.1833,8.8427,21.8575,14.8971,32.5168,22.7057,23.0651,16.7329,#N/A N/A,#N/A N/A,#N/A N/A,#N/A N/A,14.3162,#N/A N/A
21/02/2025,13.1823,328.9906,8.4389,9.0321,22.0021,16.0382,32.6096,22.6108,23.0892,17.1287,#N/A N/A,#N/A N/A,#N/A N/A,#N/A N/A,14.2693,#N/A N/A
28/02/2025,13.1175,320.13,8.6472,9.4781,22.4967,16.2998,33.1888,23.2041,23.4941,16.844,#N/A N/A,#N/A N/A,#N/A N/A,#N/A N/A,14.6101,#N/A N/A
07/03/2025,13.033,310.2798,8.2986,9.1221,22.7077,16.2955,34.3228,24.2722,22.4049,17.3772,#N/A N/A,#N/A N/A,#N/A N/A,#N/A N/A,13.1037,#N/A N/A
14/03/2025,13.4569,322.4484,8.1875,9.0696,22.3318,14.542,34.1538,23.9082,23.282,16.5165,#N/A N/A,#N/A N/A,#N/A N/A,#N/A N/A,12.9949,#N/A N/A
21/03/2025,13.9293,338.1017,8.2625,9.1869,22.524,13.959,33.0419,23.8766,23.6579,16.5021,#N/A N/A,#N/A N/A,#N/A N/A,#N/A N/A,13.0335,#N/A N/A
28/03/2025,14.303,327.6378,8.1528,9.2387,22.7133,14.2462,32.5381,23.5522,24.3254,16.3798,#N/A N/A,#N/A N/A,#N/A N/A,#N/A N/A,12.9341,#N/A N/A
04/04/2025,14.6784,327.6378,6.4612,8.99,22.8436,14.5763,27.8182,18.3614,17.605,16.0476,#N/A N/A,#N/A N/A,#N/A N/A,#N/A N/A,12.0178,#N/A N/A
11/04/2025,13.8173,327.6378,6.6654,8.9012,22.3249,14.049,26.0707,16.7617,17.2304,16.5728,#N/A N/A,#N/A N/A,#N/A N/A,#N/A N/A,11.88,#N/A N/A
18/04/2025,14.8331,327.6378,7.1654,9.5958,23.242,15.2022,26.7912,17.3122,18.3711,16.9832,#N/A N/A,#N/A N/A,#N/A N/A,#N/A N/A,12.341,#N/A N/A
25/04/2025,15.0541,327.6378,7.5672,10.1897,22.725,15.3437,27.6482,17.9922,18.252,17.0119,#N/A N/A,#N/A N/A,#N/A N/A,#N/A N/A,12.5487,#N/A N/A
02/05/2025,15.1517,327.6378,7.7791,10.3019,23.157,15.9053,28.5142,18.763,18.1583,17.4191,#N/A N/A,#N/A N/A,#N/A N/A,#N/A N/A,12.8146,#N/A N/A
09/05/2025,15.0039,327.6378,7.9328,10.3661,23.0928,16.1926,27.1983,17.8433,17.9455,17.9349,#N/A N/A,#N/A N/A,#N/A N/A,#N/A N/A,12.754,#N/A N/A
16/05/2025,15.1589,327.6378,8.4109,10.7455,22.799,15.5581,27.359,18.0635,18.0732,17.6621,#N/A N/A,#N/A N/A,#N/A N/A,#N/A N/A,13.0612,#N/A N/A
23/05/2025,15.0107,327.6378,8.354,10.7767,23.143,16.3641,28.1668,18.465,18.5755,16.9032,#N/A N/A,#N/A N/A,#N/A N/A,#N/A N/A,13.2317,#N/A N/A
30/05/2025,15.1251,327.6378,8.4625,10.7824,23.1138,16.6342,28.8028,19.5207,17.8178,16.7937,#N/A N/A,#N/A N/A,#N/A N/A,#N/A N/A,13.3146,#N/A N/A
06/06/2025,15.55,327.6378,8.6098,10.9343,22.8184,16.7456,29.0942,19.5984,17.6646,16.1636,#N/A N/A,#N/A N/A,#N/A N/A,#N/A N/A,13.4148,#N/A N/A
13/06/2025,16.4075,327.6378,8.2506,10.8062,22.579,17.0714,29.8113,19.579,18.0987,16.3974,#N/A N/A,#N/A N/A,#N/A N/A,#N/A N/A,13.4372,#N/A N/A
20/06/2025,16.5792,327.6378,8.3721,10.7126,22.0618,17.2344,27.9422,18.1671,17.8604,15.6729,#N/A N/A,#N/A N/A,#N/A N/A,#N/A N/A,13.3215,#N/A N/A
27/06/2025,16.2661,327.6378,8.7481,11.119,21.4578,17.1872,27.9721,18.206,18.1072,15.5533,#N/A N/A,#N/A N/A,#N/A N/A,#N/A N/A,13.3583,#N/A N/A
04/07/2025,16.0109,140.2608,7.8552,12.0802,22.098,17.3844,26.3655,16.7461,17.8263,24.583,#N/A N/A,#N/A N/A,#N/A N/A,#N/A N/A,13.2954,#N/A N/A
11/07/2025,16.1119,147.1677,8.081,12.2882,21.9141,17.1958,26.3828,16.7878,17.5028,24.2288,#N/A N/A,#N/A N/A,#N/A N/A,#N/A N/A,13.4782,#N/A N/A
18/07/2025,15.6954,145.427,8.3103,12.5099,21.6842,17.8431,25.8197,16.0667,18.0391,24.4319,#N/A N/A,#N/A N/A,#N/A N/A,#N/A N/A,13.559,#N/A N/A
25/07/2025,15.9824,144.6849,8.5682,12.8524,21.6284,18.3705,27.0979,16.5971,18.0817,25.031,#N/A N/A,#N/A N/A,#N/A N/A,#N/A N/A,13.7763,#N/A N/A
01/08/2025,16.0063,143.1106,8.4767,12.1478,22.012,18.1775,27.4902,16.6448,18.3797,22.7775,#N/A N/A,#N/A N/A,#N/A N/A,#N/A N/A,13.6614,#N/A N/A
08/08/2025,15.9275,154.2329,8.7453,12.6216,21.9786,17.4444,27.454,16.6329,17.9114,25.6525,#N/A N/A,#N/A N/A,#N/A N/A,#N/A N/A,13.7284,#N/A N/A
15/08/2025,15.9718,154.8217,8.8213,12.7184,21.9825,17.7145,29.3743,16.9845,17.7752,26.0012,#N/A N/A,#N/A N/A,#N/A N/A,#N/A N/A,13.915,#N/A N/A
22/08/2025,16.2554,155.2191,8.9473,13.0732,22.7679,18.5788,30.2578,17.6341,17.8604,27.0779,#N/A N/A,#N/A N/A,#N/A N/A,#N/A N/A,14.1927,#N/A N/A
29/08/2025,16.4267,158.179,8.5658,12.7778,22.7276,18.4219,29.7681,17.3123,17.7242,26.1239,#N/A N/A,#N/A N/A,#N/A N/A,#N/A N/A,13.9911,#N/A N/A
05/09/2025,15.8659,152.3599,8.5813,13.0151,23.2567,19.2195,30.5662,17.5924,17.605,25.9672,#N/A N/A,#N/A N/A,#N/A N/A,#N/A N/A,14.0088,#N/A N/A
12/09/2025,15.9633,154.5436,9.0341,13.644,22.6588,19.1279,29.8928,17.9201,17.8519,23.9207,#N/A N/A,#N/A N/A,#N/A N/A,#N/A N/A,14.1297,#N/A N/A
19/09/2025,15.7252,153.666,9.0709,13.8467,22.1112,18.9492,28.4882,17.8367,17.622,23.1041,#N/A N/A,#N/A N/A,#N/A N/A,#N/A N/A,14.0375,#N/A N/A
26/09/2025,16.3497,161.7563,9.0935,13.9067,21.396,19.2369,27.5473,17.7116,17.9795,22.1175,#N/A N/A,#N/A N/A,#N/A N/A,#N/A N/A,14.154,#N/A N/A
03/10/2025,14.8066,57.6317,9.2246,15.2114,21.3404,19.555,28.0884,12.0451,18.3456,22.8156,#N/A N/A,#N/A N/A,#N/A N/A,#N/A N/A,14.4123,#N/A N/A
10/10/2025,14.6253,56.6254,8.917,14.0981,21.8263,19.4592,28.1014,12.0192,18.8223,22.6787,#N/A N/A,#N/A N/A,#N/A N/A,#N/A N/A,14.3146,#N/A N/A
17/10/2025,14.6769,55.6514,8.5651,13.7521,22.6977,19.2674,27.7579,12.0192,19.2395,23.1303,#N/A N/A,#N/A N/A,#N/A N/A,#N/A N/A,14.2024,#N/A N/A
24/10/2025,15.4081,58.3518,9.2952,14.1881,22.6945,19.847,27.4486,11.9822,19.597,22.7254,#N/A N/A,#N/A N/A,#N/A N/A,#N/A N/A,14.644,#N/A N/A
31/10/2025,15.2006,58.6103,9.7429,14.8432,22.1324,20.0214,26.9779,13.1694,19.4097,21.6907,#N/A N/A,#N/A N/A,#N/A N/A,#N/A N/A,14.7528,#N/A N/A
07/11/2025,15.2526,60.9594,9.6878,14.9898,22.2287,20.6707,27.989,13.0806,19.929,21.4614,#N/A N/A,#N/A N/A,#N/A N/A,#N/A N/A,14.7521,#N/A N/A
14/11/2025,15.2903,61.1967,9.8985,15.4496,21.4386,19.1061,29.3401,13.1953,19.912,22.279,#N/A N/A,#N/A N/A,#N/A N/A,#N/A N/A,14.8149,#N/A N/A
21/11/2025,14.8318,59.9328,9.3886,14.5018,22.0935,19.7206,29.828,13.2249,19.3842,21.8621,#N/A N/A,#N/A N/A,#N/A N/A,#N/A N/A,14.5824,#N/A N/A
28/11/2025,14.9777,60.6685,10.2994,15.0576,21.9402,19.6248,30.4734,13.247,19.5204,21.683,#N/A N/A,#N/A N/A,#N/A N/A,#N/A N/A,14.8607,#N/A N/A
05/12/2025,14.9567,60.9177,10.3988,15.0483,21.5918,19.7424,29.8509,13.3506,19.3161,21.0191,#N/A N/A,#N/A N/A,#N/A N/A,#N/A N/A,14.7789,#N/A N/A
12/12/2025,14.6043,59.2744,10.637,15.8036,21.726,19.2107,29.6189,13.4948,19.0437,21.0033,#N/A N/A,#N/A N/A,#N/A N/A,#N/A N/A,14.7515,#N/A N/A
19/12/2025,14.6984,57.3483,11.2259,16.5932,22.0318,19.2674,30.1302,13.4763,19.4353,21.1927,#N/A N/A,#N/A N/A,#N/A N/A,#N/A N/A,15.135,#N/A N/A
26/12/2025,14.8039,58.0033,11.245,16.8638,21.8863,19.0887,30.4072,13.3543,19.3672,20.2505,#N/A N/A,#N/A N/A,#N/A N/A,#N/A N/A,15.0941,#N/A N/A
02/01/2026,12.2611,19651.4923,10.979,17.0548,21.845,19.2718,27.7256,12.9986,19.7077,20.4267,#N/A N/A,#N/A N/A,#N/A N/A,#N/A N/A,15.1867,#N/A N/A