Start Date,07/01/2019,,,,,,,,,,,,,,,,
End Date,05/01/2026,,,,,,,,,,,,,,,,
,,,,,,,,,,,,,,,,,
,SHEL LN Equity,BP/ LN Equity,BARC LN Equity,HSBA LN Equity,ULVR LN Equity,TSCO LN Equity,AZN LN Equity,GSK LN Equity,NG/ LN Equity,DGE LN Equity,IGLS LN Equity,VGOV LN Equity,SLXX LN Equity,SGLN LN Equity,UKX Index,GUKG10 Index,VUKE LN Equity
,#NAME?,#N/A Requesting Data...,#N/A Requesting Data...,#N/A Requesting Data...,#N/A Requesting Data...,#N/A Requesting Data...,#N/A Requesting Data...,#N/A Requesting Data...,#N/A Requesting Data...,#N/A Requesting Data...,#N/A Requesting Data...,#N/A Requesting Data...,#N/A Requesting Data...,#N/A Requesting Data...,#N/A Requesting Data...,#N/A Requesting Data...,#N/A Requesting Data...
Dates,PX_LAST,PX_LAST,PX_LAST,PX_LAST,PX_LAST,PX_LAST,PX_LAST,PX_LAST,PX_LAST,PX_LAST,PX_LAST,PX_LAST,PX_LAST,PX_LAST,PX_LAST,PX_LAST,PX_LAST
11/01/2019,2361.5,521.2,157.22,647.6,4396.362,276.133,5712,1542.875,743.715,2747,132.66,22.685,139.42,1972.25,6918.18,1.29,30.66
18/01/2019,2362,523.3,165.86,651.8,4351.326,284.367,5570,1515.967,746.684,2753.5,132.39,22.56625,139.6,1949.75,6968.33,1.353,30.9075
25/01/2019,2251.5,506.9,164.1,638,4262.863,284.873,5371,1457.092,738.983,2716,132.405,22.76,140.595,1935.75,6809.22,1.305,30.185
01/02/2019,2384,521.5,158.62,639,4358.832,281.2,5581,1500.591,773.501,2901.5,132.515,22.9,141.94,1974.25,7020.22,1.248,31.12
08/02/2019,2414,544,155.94,641.9,4478.392,283.987,5696,1582.934,781.481,2982,132.8,23.14,142.92,1992.25,7071.18,1.151,31.27
15/02/2019,2424,543.5,159.5,665.9,4556.133,283.987,6241,1599.322,781.481,3064.5,132.735,23.1025,142.95,2008,7236.68,1.16,32.13
22/02/2019,2398.5,537.1,156.14,623.5,4492.868,282.213,6159,1554.003,799.482,3019.5,132.69,23.06,143.17,1997.75,7178.6,1.158,31.945
01/03/2019,2350.5,533,162.5,614.1,4270.905,290.447,6186,1527.904,788.069,2938,132.48,22.7425,142.79,1933,7106.73,1.296,31.68
08/03/2019,2326.5,534.3,158.78,624,4461.772,289.433,6271,1529.927,810.431,3033.5,132.67,22.9775,143.69,1954.25,7104.31,1.189,31.715
15/03/2019,2382,544.5,165.94,621.6,4560.958,290.573,6274,1519.002,813.122,3080,132.6,22.9675,143.265,1920.75,7228.28,1.211,32.245
22/03/2019,2391.5,552.1,155.44,613,4642.451,295.387,6351,1573.021,822.401,3085.5,133.1,23.655,145.16,1949.5,7207.59,1.014,32.2
29/03/2019,2413.5,558.5,154.68,623.3,4712.686,293.993,6135,1615.305,789.461,3138,133.16,23.46125,145.15,1950.25,7279.19,1,32.09
05/04/2019,2475.5,568.6,162.76,653.1,4720.192,300.073,6145,1612.472,774.614,3120,132.85,23.17625,144.39,1946.25,7446.87,1.116,32.95
12/04/2019,2479,570.6,165.96,658.7,4679.445,312.993,5988,1569.176,758.376,3115.5,132.74,22.97125,144.3,1933,7437.06,1.212,32.855
19/04/2019,2466.5,567.7,169.4,666.5,4829.029,316.793,5815,1542.066,759.675,3126,132.76,22.97875,144.96,1922,7459.88,1.197,32.995
26/04/2019,2439,556.1,161.04,665.4,4918.564,316.667,5795,1579.495,776.192,3223,132.96,23.145,145.73,1952.5,7428.19,1.142,32.89
03/05/2019,2454.5,548.1,163.68,680.6,4935.721,313.373,5741,1570.188,769.325,3207.5,132.65,22.92125,145.075,1910.25,7380.64,1.219,32.72
10/05/2019,2426.5,524.2,157.52,652,4942.691,306.66,5692,1519.406,775.264,3245.5,132.93,23.13,144.85,1936.5,7203.29,1.135,31.955
17/05/2019,2536,556,158.74,654.7,5143.208,303.24,5875,1573.021,759.118,3348,133.08,23.4,145.85,1963.5,7348.62,1.034,32.725
24/05/2019,2487,544.5,149.26,659.4,5236.496,293.867,6089,1600.333,757.726,3348.5,133.29,23.61,145.88,1984,7277.73,0.956,32.43
31/05/2019,2461,540.1,149.34,645.1,5186.635,286.773,5833,1544.696,735.642,3325.5,133.4,23.7025,145.81,2019.75,7161.71,0.886,31.91
07/06/2019,2523,551.8,151.06,650.9,5269.201,290.573,6028,1583.339,763.572,3407,133.66,24.03,148,2065.75,7331.94,0.813,32.725
14/06/2019,2515,538.9,149,645.6,5333.002,284.24,6215,1602.761,773.315,3418.5,133.5,23.84875,147.02,2098.25,7345.78,0.847,32.7925
21/06/2019,2584,556.2,148.7,649.6,5263.304,299.82,6378,1594.669,786.027,3380,133.495,23.805,147.91,2154.5,7407.5,0.845,33.085
28/06/2019,2572.5,548.6,149.8,656.9,5248.292,287.153,6438,1594.871,775.542,3384,133.5,23.71375,147.955,2175.25,7425.63,0.833,32.7725
05/07/2019,2586,542.5,157.22,672.5,5409.67,300.58,6527,1655.566,792.523,3426.5,133.7,24.015,149.725,2188,7553.14,0.738,33.305
12/07/2019,2588,546,157.2,663.4,5364.634,306.66,6324,1642.618,778.048,3391,133.22,23.775,149.17,2200,7505.97,0.835,33.1
19/07/2019,2539,517.7,155.62,662.7,5373.213,301.847,6390,1665.48,774.614,3387,133.51,24.0725,150.14,2239,7508.7,0.734,33.1125
26/07/2019,2548,523,160.08,662.4,5253.117,286.267,6905,1705.336,785.378,3323,133.625,24.10875,151.165,2245,7549.06,0.687,33.335
02/08/2019,2403.5,526.9,153.16,646.1,5296.544,279.553,7240,1710.597,794.843,3443,133.9,24.44875,151.95,2333.75,7407.06,0.55,32.68
09/08/2019,2373,502.9,143.76,622,5226.846,276.387,7351,1689.151,788.533,3385,133.92,24.74625,152.58,2440.5,7253.85,0.484,32.21
16/08/2019,2273,490.2,139.82,597.2,5373.213,273.727,7256,1677.214,795.863,3452,133.74,25.1525,153.02,2433.75,7117.15,0.466,31.75
23/08/2019,2266.5,488,138.04,586.4,5372.14,269.293,7313,1710.799,791.502,3418,133.8,24.87375,152.175,2435,7094.98,0.481,31.7
30/08/2019,2275.5,500.2,136.6,591.4,5571.585,277.653,7318,1731.435,796.606,3503.5,133.88,25.18625,153.28,2459.75,7207.18,0.479,32.04
06/09/2019,2259.5,501,140.1,601,5565.151,294.5,7255,1735.077,780.367,3458.5,134,25.155,153.1,2420,7282.34,0.506,32.53
13/09/2019,2282.5,504.4,156.62,630.7,5265.448,304.507,6865,1659.006,768.768,3280.5,133.315,24.4575,149.7,2349.25,7367.46,0.762,32.93
20/09/2019,2343.5,521,151.54,615.6,5141.599,305.9,7167,1690.972,790.11,3222,133.55,24.9925,151.78,2355.5,7344.92,0.628,32.815
27/09/2019,2408.5,519.3,150.92,624.3,5272.954,309.7,7383,1744.991,819.339,3299.5,134.03,25.30375,152.41,2372.5,7426.21,0.499,32.7225
04/10/2019,2319,494.9,142.94,601.9,5148.569,300.453,6998,1718.689,807.369,3288.5,134.14,25.45,151.7,2396,7155.38,0.443,31.59
11/10/2019,2290.5,493.55,160.48,607.4,4982.901,306.787,6916,1694.411,827.319,3210,133.43,24.56375,149.59,2283.5,7247.08,0.705,32.05
18/10/2019,2240,485.05,165,601.6,4960.383,309.067,6772,1665.277,835.114,3116.5,133.495,24.52625,150.57,2268.5,7150.57,0.709,31.6625
25/10/2019,2325.5,512,170.36,617.4,4966.281,303.493,7383,1719.701,838.732,3121,133.63,24.65125,151.575,2299.75,7324.47,0.682,32.355
01/11/2019,2260.5,497.1,167.18,588.8,4945.371,301.34,7465,1781.408,835.485,3154,133.61,24.62,151.98,2285,7302.42,0.663,32.335
08/11/2019,2341,508.6,166.44,595.6,5012.925,301.34,7277,1757.13,825.742,3090,133.47,24.19,150.52,2246.25,7359.38,0.789,32.64
15/11/2019,2308,508.9,170.74,573.7,4898.191,296.147,7248,1719.499,830.567,3096.5,133.505,24.315,150.965,2225,7302.94,0.729,32.44
22/11/2019,2281.5,499,169.26,579.8,4842.968,294.627,7418,1733.661,833.722,3119.5,133.57,24.32,151.06,2235.5,7326.81,0.705,32.56
29/11/2019,2211,480.2,171.54,576.3,4908.914,290.573,7458,1774.327,825.556,3165,133.505,24.47,151.77,2214.5,7346.53,0.697,32.685
06/12/2019,2181,473.1,169.4,561.9,4879.962,294.247,7258,1749.442,828.247,3100.5,133.4,24.25625,151.18,2178,7239.66,0.772,32.215
13/12/2019,2152.5,462.45,182.48,574.6,4873.528,318.313,7217,1744.991,861.188,3051,133.44,24.25125,151.4,2165.75,7353.44,0.791,32.475
20/12/2019,2232,485.05,178.42,600.2,4682.662,319.073,7808,1834.213,892.644,3190,133.46,24.1975,151.4,2216.25,7582.48,0.782,33.51
27/12/2019,2265.5,483.95,181.5,597.8,4735.204,324.267,7745,1839.878,891.994,3229,133.52,24.3225,151.69,2264.5,7644.9,0.755,33.815
03/01/2020,2298.5,494.05,183.3,594.4,4671.939,323.127,7700,1805.079,882.251,3189.5,133.565,24.415,152.2,2316,7622.4,0.738,33.73
10/01/2020,2263.5,495.25,181,584.6,4615.644,315.907,7645,1818.23,867.59,3245,133.56,24.27,152.24,2337.5,7587.85,0.769,33.55
17/01/2020,2248.5,496.4,175.24,594,4718.047,314.893,7878,1867.393,906.284,3281,133.53,24.62125,154.23,2339,7674.56,0.632,33.94
24/01/2020,2187,486.1,173.44,579.4,4797.396,315.273,7659,1843.924,941.266,3240,133.595,24.9075,155.525,2354,7585.98,0.563,33.56
31/01/2020,1994.4,456.7,168,551.8,4861.197,312.74,7424,1804.674,933.286,3010,133.44,25.03625,155.63,2356.25,7286.01,0.524,32.195
07/02/2020,1996.6,470,177.16,581.3,5035.443,322.747,7685,1719.903,949.06,3163.5,133.45,24.83625,154.8,2373.5,7466.7,0.57,33.015
14/02/2020,1924,456.85,175.92,584.5,4938.402,324.013,7300,1687.937,965.02,3079.5,133.28,24.7725,154.81,2375,7409.13,0.628,32.83
21/02/2020,1887.8,453.55,179.62,562.2,4924.998,323.887,7690,1677.416,987.104,3099.5,133.425,25.10125,155.43,2474,7403.92,0.573,32.8275
28/02/2020,1661.4,396.15,148.74,523.9,4471.422,289.433,6794,1580.304,911.944,2765.5,133.64,25.22,153.22,2432.25,6580.61,0.442,29.305
06/03/2020,1599.2,395.2,130.94,493.8,4666.578,304.76,7242,1612.068,942.008,2740,134.33,26.35375,155.01,2506,6462.55,0.236,28.925
13/03/2020,1130.6,276.3,102.38,465.85,4133.117,278.793,6316,1419.057,798.369,2442,134.68,25.17,140.86,2405,5366.11,0.413,23.97
20/03/2020,1062.2,251.7,89.02,500,4437.645,276.64,6891,1465.792,814.143,2427.5,134.08,25.54125,135.95,2480,5190.78,0.562,23.05
27/03/2020,1282.8,305.5,97.37,466.55,4215.683,294.627,6805,1459.723,869.446,2512.5,134.355,25.98625,141.345,2560,5510.33,0.367,24.2825
03/04/2020,1471,337.3,80.24,397.2,4328.808,283.607,7144,1506.66,781.11,2458,134.29,25.9125,146.37,2582,5415.5,0.311,23.795
10/04/2020,1509.6,335.75,97.58,428.85,4422.097,293.867,7121,1562.095,842.722,2633,134.53,26.32625,150.365,2636,5842.66,0.306,25.7
17/04/2020,1370.2,303.55,90.71,414.35,4412.447,301.593,7970,1679.844,839.011,2711,134.4,26.24,151.56,2650,5786.96,0.304,25.475
24/04/2020,1379.2,308.6,88.61,402.15,4387.784,299.06,8204,1707.157,871.487,2655,134.36,26.49625,150.91,2718,5752.23,0.291,25.345
01/05/2020,1231.6,298.85,102.74,402.45,4395.29,299.313,8202,1629.872,862.951,2765.5,134.505,26.54375,152.11,2645.5,5763.06,0.248,25.42
08/05/2020,1320.6,315.9,105.42,412.7,4378.133,300.58,8559,1694.007,854.785,2778,134.59,26.68375,150.755,2704.5,5935.98,0.235,26.22
15/05/2020,1228,296.5,97.45,399.7,4429.603,304,8671,1666.896,850.702,2743,134.59,26.46,150.1,2813,5799.77,0.231,25.6175
22/05/2020,1292.6,310,103.14,379,4412.447,287.913,8996,1682.474,817.112,2834,134.84,26.605,152.11,2782,5993.28,0.174,26.445
29/05/2020,1259.2,305.75,115.24,370.1,4645.132,289.18,8580,1691.174,859.239,2790.5,134.81,26.63625,153.82,2746,6076.6,0.184,26.775
05/06/2020,1477.2,362.25,131.4,422.95,4727.698,288.42,8427,1656.578,852.373,2900,134.58,25.87,155.08,2580,6484.3,0.354,28.635
12/06/2020,1350.4,323.05,117.06,380.35,4615.108,286.52,8201,1617.733,850.146,2780,134.82,26.5175,153.79,2702,6105.18,0.208,26.76
19/06/2020,1375.8,321.45,116.56,391.4,4966.817,288.04,8489,1676.203,903.222,2900,134.8,26.145,154.025,2754.5,6292.6,0.238,27.605
26/06/2020,1319.8,304.6,110.98,380.25,4845.649,292.22,8456,1666.087,896.726,2700,134.91,26.44625,154.64,2797,6159.3,0.172,27.07
03/07/2020,1299,307.55,115.72,383.5,4630.12,280.567,8459,1644.641,855.713,2690,134.94,26.35125,155.095,2785,6157.3,0.188,27.0275
10/07/2020,1246.4,290.8,117.76,377.8,4496.085,272.08,8505,1593.252,808.204,2761.5,135.045,26.48875,156.26,2780,6095.41,0.155,26.89
17/07/2020,1303.2,309.3,116.4,379.55,4692.313,271.827,9187,1679.44,827.319,2816,134.74,26.2925,156.45,2822.5,6290.3,0.163,27.75
24/07/2020,1242.6,298.1,113.6,364.85,5016.142,279.553,8652,1598.513,837.897,2796,134.74,26.3475,157.08,2905,6123.82,0.144,27.045
31/07/2020,1121.6,275.15,100.56,342.2,4903.552,274.993,8530,1547.528,835.485,2801,134.86,26.49,157.85,2937.5,5897.76,0.104,26.075
07/08/2020,1154.6,287.25,104.6,325.55,4867.095,283.353,8470,1573.223,838.825,2567,134.62,26.27875,157.62,3045,6032.18,0.139,26.63
14/08/2020,1171.4,292.65,109.2,341.3,4869.239,288.8,8381,1553.598,827.505,2603,134.51,25.84625,156.255,2901,6090.04,0.243,27.02
21/08/2020,1115.8,273.35,108,328.15,4834.926,288.167,8437,1532.759,813.401,2590,134.62,25.89125,156.62,2900.5,6001.89,0.206,26.69
28/08/2020,1106.8,264.2,111.96,330.15,4782.384,277.02,8340,1489.059,782.409,2509.5,134.565,25.535,155.95,2882.5,5963.57,0.311,26.5125
04/09/2020,1078.2,257.5,106.88,319.75,4745.927,273.347,7970,1451.832,773.315,2496.5,134.64,25.8,156.66,2844,5799.08,0.263,25.81
11/09/2020,1083.4,262.05,102.62,322.9,5181.274,279.68,8429,1541.459,792.616,2632,134.89,26.075,157.3,2981,6032.09,0.182,26.825
18/09/2020,1034.6,245.75,97.42,304,5082.624,278.16,8746,1543.28,787.048,2568.5,134.82,26.0725,156.735,2947.5,6007.05,0.183,26.7875
25/09/2020,1004.8,233.3,91.55,283.35,5107.286,273.6,8576,1491.486,792.987,2521.5,134.735,26.09125,155.55,2868,5842.67,0.189,25.745
02/10/2020,933.1,214.4,97.71,308.2,5191.997,266,8431,1461.341,859.796,2683,134.59,25.785,155.37,2881,5902.12,0.246,26.03
09/10/2020,1016.4,222.1,107.28,309.4,5197.358,278.16,8424,1463.971,867.59,2699,134.555,25.7075,155.55,2894.5,6016.65,0.28,26.5325
16/10/2020,973.8,209.4,101.8,306.35,5217.731,271.447,8217,1426.34,876.127,2654.5,134.68,26.10875,156.825,2873,5919.58,0.182,26.145
23/10/2020,971.8,205.5,111.54,321.4,5033.299,271.193,7943,1359.373,876.869,2628.5,134.53,25.65875,156.53,2844,5860.28,0.28,25.85
30/10/2020,965.4,196.6,106.56,324.55,4722.336,260.3,7766,1306.77,852.744,2499,134.525,25.73375,155.52,2836,5577.27,0.262,24.65
06/11/2020,1008,199.86,110.94,337.8,5027.937,275.88,8473,1415.213,867.59,2642,134.525,25.66,156.7,2896.5,5910.02,0.274,26.0925
13/11/2020,1165.8,236.9,134.16,372.7,5092.274,284.62,8633,1453.653,884.849,2904,134.46,25.4275,156.45,2806.5,6316.39,0.338,27.93
20/11/2020,1244.8,244.4,137.76,380.9,4778.095,294.753,8317,1409.75,862.951,2952,134.48,25.535,158.07,2752,6351.45,0.302,28.09
27/11/2020,1339.4,262.9,139.5,404.85,4917.492,288.547,7770,1399.634,810.803,2933,134.44,25.68375,159.05,2617.5,6367.58,0.284,28.245
04/12/2020,1402.4,276.95,148.62,422.65,4638.698,286.9,7958,1402.062,791.502,2932.5,134.4,25.41375,158.615,2658,6550.23,0.351,29.0075
11/12/2020,1394.8,275.25,136.06,400.6,4739.493,283.48,8160,1429.577,811.73,3008.5,134.75,26.1775,160.4,2725.5,6546.75,0.172,28.985
18/12/2020,1381.2,271.35,145,387.75,4662.289,287.027,7508,1372.119,805.05,2949,134.59,25.84125,160.15,2728,6529.18,0.249,28.7975
25/12/2020,1327.6,263,154.6,386,4621.542,295.007,7223,1348.043,795.399,2914,134.6,25.775,160.01,2694.5,6502.11,0.257,28.755
01/01/2021,1297.8,254.8,146.68,378.85,4709.469,293.107,7324,1357.552,802.637,2878,134.76,26.02,160.865,2708,6460.52,0.197,28.55
08/01/2021,1468.2,298.7,152.92,411.75,4771.662,311.22,7471,1424.722,816.556,3038,134.68,25.62375,159.31,2674.5,6873.26,0.288,30.3225
15/01/2021,1483,302.45,148.8,403.25,4711.614,306.027,7592,1429.982,812.287,2903,134.42,25.645,159.55,2626.5,6735.71,0.288,29.7125
22/01/2021,1420,290,143.06,407.35,4694.457,306.407,7777,1396.195,812.658,2908.5,134.375,25.53,159.06,2650,6695.07,0.308,29.5125
29/01/2021,1338,271.5,133.54,382.75,4546.482,303.24,7491,1372.726,788.718,2949,134.36,25.53,158.24,2645,6407.46,0.327,28.28
05/02/2021,1345.8,252.05,147.22,392.5,4267.688,312.107,7275,1280.469,790.017,3002.5,133.96,24.9225,156.61,2575,6489.33,0.482,28.675
12/02/2021,1358.2,261.8,145.9,401.8,4247.315,304.76,7471,1292.81,794.657,3009,134.01,24.845,157.44,2577.5,6589.79,0.517,29.095
19/02/2021,1397.2,272.35,153.64,423.95,4187.267,227.6,7226,1229.283,783.708,2996.5,133.7,24.32,155.27,2488,6624.02,0.698,29.325
26/02/2021,1444.8,291.75,159.6,426.2,4002.834,224.8,6945,1204.6,748.262,2812.5,133.375,23.895,152.86,2415.5,6483.43,0.82,28.69
05/03/2021,1548.4,318.8,171.58,437.6,4172.255,224,6858,1257.405,768.305,2941.5,133.515,24.22125,153.895,2398.5,6630.52,0.756,29.4075
12/03/2021,1583.6,323.45,180.6,428.4,4235.52,223.8,6951,1274.4,777.955,2997.5,133.48,23.99375,152.015,2405.25,6761.47,0.822,30.03
19/03/2021,1496.4,306.7,182.6,430.85,4237.664,228.7,7110,1311.221,781.295,2996,133.51,23.96125,151.05,2449.5,6708.71,0.838,29.49
26/03/2021,1450.6,302.65,182.96,422.7,4336.314,228.6,7271,1312.233,797.997,2983,133.64,24.22,152.45,2455,6740.59,0.757,29.715
02/04/2021,1412.2,289.8,184,423.2,4312.724,227.95,7172,1292.406,801.245,3007,133.54,24.04,152.315,2439.5,6737.3,0.795,29.715
09/04/2021,1395.8,295,185.7,437.4,4429.603,234.4,7287,1334.893,835.578,3183,133.57,24.1475,153.12,2480.5,6915.75,0.774,30.52
16/04/2021,1412.8,302.95,189.18,427.45,4464.988,231.85,7380,1362.003,837.248,3230,133.61,24.16375,153.93,2512,7019.53,0.764,30.98
23/04/2021,1356.2,292.1,181.98,419,4410.838,222.55,7564,1358.159,838.361,3296,133.66,24.24875,153.58,2504.5,6938.56,0.744,30.655
30/04/2021,1365,303,175.5,452.8,4537.368,221,7715,1355.124,844.949,3251,133.465,24.0425,152.74,2497.5,6969.81,0.842,30.805
07/05/2021,1430.2,313.55,181.54,451.2,4581.867,227.5,7735,1371.31,864.528,3284,133.7,24.16,153.61,2559,7129.71,0.775,31.53
14/05/2021,1419,313.65,180.7,448.8,4604.385,230.95,7864,1386.281,868.611,3353.5,133.52,23.8625,152.47,2548,7043.61,0.857,31.2
21/05/2021,1398.8,312.2,179.02,444.45,4586.693,225.7,8135,1370.703,877.24,3377.5,133.58,23.89875,152.6,2584,7018.05,0.83,31.11
28/05/2021,1345.6,306.15,183.1,455.3,4532.006,223.25,8046,1359.778,871.487,3404,133.605,24.12875,153.25,2607.5,7022.61,0.795,31.175
04/06/2021,1393.6,319.45,183.96,443.95,4581.867,225,8055,1369.893,848.383,3396,133.61,24.055,152.95,2609.5,7069.04,0.79,31.375
11/06/2021,1420.4,324.3,180.4,436.95,4582.403,231.6,8340,1419.664,852.373,3434,133.685,24.29625,154.29,2597,7134.06,0.708,31.595
18/06/2021,1418.2,315.4,171.86,429.4,4618.325,221.75,8384,1439.895,858.218,3459.5,133.405,24.37375,153.32,2510,7017.47,0.752,30.78
25/06/2021,1494.4,325.5,174.84,427.55,4566.855,224.5,8499,1429.577,856.641,3484,133.46,24.165,153.33,2500.5,7136.07,0.778,31.305
02/07/2021,1476.6,321.4,172.36,416.65,4578.651,224.6,8779,1454.462,857.291,3480,133.61,24.345,154.37,2525,7123.27,0.703,31.27
09/07/2021,1468.4,310.9,173.36,414.1,4605.458,237.7,8648,1451.832,871.859,3434,133.65,24.50375,154.47,2553.5,7121.88,0.655,31.3
16/07/2021,1399.4,292.25,165.42,403.25,4673.011,234.9,8340,1441.109,875.013,3500.5,133.355,24.63875,155.13,2564.5,7008.09,0.626,30.83
23/07/2021,1365.2,284.1,167.12,401.6,4443.543,234.3,8480,1432.41,862.487,3505.5,133.5,24.96875,156.02,2555,7027.58,0.584,30.9
30/07/2021,1443.2,289.2,174.5,397.45,4451.049,233,8268,1434.231,857.476,3570.5,133.575,25.02375,156.34,2558,7032.3,0.565,30.955
06/08/2021,1483,307.45,182.66,409.85,4387.784,233.15,8157,1453.046,873.529,3588,133.4,24.95125,156.19,2479,7122.95,0.611,31.365
13/08/2021,1459.6,305.35,185.1,411.5,4459.627,242.95,8426,1509.088,886.612,3635.5,133.415,25.1,156.74,2499.5,7218.71,0.573,31.88
20/08/2021,1392.4,287.85,179.32,396.15,4434.428,246.5,8731,1532.962,908.418,3523,133.6,25.1725,157.13,2556,7087.9,0.523,31.43
27/08/2021,1453.8,302.5,185.8,394.95,4337.387,254.85,8565,1492.7,870.281,3487.5,133.46,24.9625,156.11,2564,7148.01,0.578,31.69
03/09/2021,1433.6,296.6,184.7,384.45,4265.544,255.7,8509,1495.937,873.622,3530.5,133.455,24.76875,155.75,2578.5,7138.35,0.717,31.7
10/09/2021,1418.8,295.65,180.26,375.4,4245.17,254.4,8173,1436.051,868.425,3511.5,133.345,24.74,155.79,2531.5,7029.2,0.758,31.24
17/09/2021,1456,304.65,182.72,376.05,4201.207,255.95,8063,1404.288,895.613,3458,133.1,24.4375,153.74,2486.5,6963.64,0.846,30.45
24/09/2021,1529.2,320.2,183.74,375.45,4278.411,257.5,8845,1404.085,853.115,3484,132.815,24.16375,152.66,2501,7051.48,0.925,30.84
01/10/2021,1647.8,337.95,187.88,388.65,4260.182,247.95,8773,1401.657,830.66,3531,132.72,23.79125,150.98,2533,7027.07,1.002,30.74
08/10/2021,1708.6,353.55,195.16,419.55,4145.984,275.6,8889,1415.213,825.835,3543.5,132.225,23.35375,148.9,2516,7095.55,1.158,31.05
15/10/2021,1772,363.6,197.82,434.2,4132.044,267.9,8795,1415.82,832.515,3615.5,132.21,23.7325,150.6,2513.5,7234.03,1.106,31.675
22/10/2021,1749.2,355,198.86,434.8,4174.4,270.75,8996,1437.265,846.434,3639.5,131.87,23.63125,150.11,2544,7204.55,1.145,31.535
29/10/2021,1681,350.2,202.25,441.5,4194.773,269.9,9094,1526.083,867.961,3632,131.9,24.35125,152.15,2533,7237.57,1.034,31.715
05/11/2021,1683.4,345.4,192.38,437.25,4181.906,275.35,9309,1594.264,881.509,3778.5,132.92,24.7825,154.51,2622.5,7303.96,0.845,32.015
12/11/2021,1641.2,340.9,195.3,434.2,4198.526,285,8801,1611.866,907.305,3826,132.545,24.54625,152.935,2709,7347.91,0.914,32.255
19/11/2021,1609.4,326.55,190.96,431.7,4127.219,278.85,8479,1539.233,912.594,3878,132.7,24.6725,153.55,2693.5,7223.57,0.879,31.755
26/11/2021,1556.2,317.65,181.66,414.05,4237.128,279.15,8411,1528.308,929.945,3759.5,132.81,24.9925,153.06,2630.5,7044.03,0.825,31.01
03/12/2021,1651.4,340.85,186.66,429.7,4159.388,280.1,8191,1552.384,930.131,3846.5,132.775,25.21625,154.19,2618,7122.32,0.747,31.385
10/12/2021,1659.8,342.6,182.5,438.65,4305.754,284.4,8193,1630.681,975.042,3948,133.03,25.29375,154.92,2632,7291.78,0.741,32.11
17/12/2021,1593,333.75,180.84,445.45,4269.833,284.4,8513,1632.097,996.383,3977,132.705,24.95,153.29,2653,7269.92,0.759,31.79
24/12/2021,1644,337.85,187.44,447.7,4238.2,287.9,8611,1632.704,1003.992,4015,132.25,24.465,151.68,2629,7372.1,0.925,32.22
31/12/2021,1621.8,330.5,187,448.65,4230.695,289.9,8678,1625.218,983.393,4036,132.16,24.3575,151.335,2631.5,7384.54,0.971,32.26
07/01/2022,1736.6,362.55,205.25,482.3,4218.899,289.05,8399,1616.923,977.825,3874.5,131.625,23.76875,149.27,2573,7485.28,1.178,32.7
14/01/2022,1820.6,388.7,215.5,516.6,4221.044,285,8544,1660.017,1003.064,3717.5,131.57,23.8975,149.615,2593.5,7542.95,1.15,32.96
21/01/2022,1807.4,382.25,199.24,505.4,3940.642,288.75,8752,1666.289,1005.662,3757.5,131.405,23.73125,148.405,2639,7494.13,1.171,32.75
28/01/2022,1895.2,385.45,196.88,528.3,4060.201,303.4,8767,1680.249,1013.271,3697.5,131.21,23.54125,146.295,2592.5,7466.07,1.244,32.64
04/02/2022,2037,405.9,200.6,545,4090.762,295.55,8282,1653.948,996.94,3749.5,130.45,23.13625,142,2598,7516.4,1.411,32.9
11/02/2022,2039,417.2,206.1,567.2,4197.454,298.15,8510,1638.167,1016.797,3717.5,130.035,22.69125,142.21,2632,7661.02,1.545,33.515
18/02/2022,1957,391.4,191.16,544.4,4136.334,294.2,8801,1585.16,1011.044,3658.5,130.49,23.12625,142.73,2717,7513.62,1.378,32.945
25/02/2022,2000.5,378.5,188.9,538,4009.268,286.55,8995,1582.125,1021.251,3721,130.5,22.74,141.53,2745,7489.46,1.457,32.97
04/03/2022,1833.4,348.15,156.8,467.65,3657.023,275.35,8679,1505.851,1027.932,3509,131.06,23.43125,143.53,2895.5,6987.14,1.208,30.775
11/03/2022,1963.6,360.4,161.1,479.65,3636.649,272.75,9275,1564.523,1033.128,3372.5,130.3,22.57125,140.51,2964,7155.64,1.491,31.645
18/03/2022,1941.8,360.4,170.58,501,3667.746,278.75,9536,1628.658,1050.573,3740,130.64,22.49875,140.205,2854,7404.73,1.497,32.63
25/03/2022,2110.5,391.7,167.3,516.8,3631.288,275.75,9843,1642.415,1045.377,3817,130.035,22.08875,139.14,2893,7483.35,1.695,32.98
01/04/2022,2119.5,378.95,147.04,528.9,3761.57,279,10076,1675.798,1079.152,3870,130.08,22.37125,140.37,2868,7537.9,1.608,33.205
08/04/2022,2168,391.5,144.6,530,3793.203,271.3,10930,1799.212,1137.61,4020.5,129.83,21.95875,138.805,2914,7669.56,1.75,33.815
15/04/2022,2192,399.45,145.86,522.4,3676.86,266.3,10536,1793.547,1098.174,3963.5,129.655,21.57,137.91,2934,7616.38,1.889,33.605
22/04/2022,2188,393.15,146.7,523.3,3796.956,265.6,10280,1762.188,1087.967,3897,129.235,21.55,135.95,2931,7521.68,1.963,33.225
29/04/2022,2173,391.55,148.2,501.3,3987.822,272,10688,1817.825,1107.917,4018.5,129.595,21.605,135.305,2961,7544.55,1.905,33.385
06/05/2022,2299.5,426.65,148.64,502,3857.004,271.4,10322,1789.5,1094.463,3783.5,129.79,21.255,133.985,2983,7387.94,1.995,32.67
13/05/2022,2303.5,414.7,150.36,501.4,4017.846,281.2,10286,1775.743,1132.043,3823.5,130.59,21.81875,136.37,2889,7418.15,1.744,32.825
20/05/2022,2336.5,417.2,152.72,490.75,3770.685,260.3,10494,1784.443,1123.228,3598,129.93,21.42375,134.755,2885.5,7389.98,1.893,32.75
27/05/2022,2380,430.65,170.38,532.4,3726.721,258.5,10580,1753.286,1080.08,3643.5,130.14,21.29375,135.23,2865,7585.46,1.917,33.655
03/06/2022,2361,431.3,167.8,529.6,3972.81,258.9,10442,1727.591,1040.18,3622,129.54,20.7275,133.52,2877,7532.95,2.155,33.445
10/06/2022,2338,437.45,159.8,499.1,3902.576,250.1,9851,1756.725,1003.992,3535.5,128.58,20.2425,130.18,2947.5,7317.52,2.447,32.47
17/06/2022,2044,379.45,155.92,508.7,3852.715,251.7,9924,1703.111,958.989,3497.5,128.18,19.975,127.24,2942,7016.25,2.498,30.55
24/06/2022,2087.5,386.5,158.94,537.3,4007.123,255.4,10776,1776.552,975.227,3658.5,128.945,20.355,129.18,2905,7208.81,2.302,31.44
01/07/2022,2121,384.5,153.2,534.4,4074.677,254.8,10754,1806.293,994.713,3507.5,129.765,20.67,130.11,2928,7168.65,2.086,31.28
08/07/2022,2043.5,386.55,151.96,525.8,4113.279,261.8,11044,1775.136,991.465,3537.5,129.175,20.21,128.855,2826,7196.24,2.233,31.425
15/07/2022,1989.6,373.1,150.3,513.9,4190.484,258.9,11110,1739.123,1025.798,3664.5,129.12,20.31375,129.555,2804,7159.01,2.091,31.3
22/07/2022,2039.5,383.3,157.84,515.2,4194.237,259.4,10766,1743.2,1023.942,3720,129.385,20.70375,132.185,2807.5,7276.37,1.939,31.805
29/07/2022,2179,400,157.18,513.7,4292.887,262.6,10844,1727.6,1049.923,3882,129.88,20.8225,134.02,2827.5,7423.43,1.864,32.485
05/08/2022,2150,411.15,164,541.9,4258.038,262,10866,1667,1041.108,3846,129.04,20.66,132.36,2872.5,7439.74,2.049,32.605
12/08/2022,2215,430.55,171.6,550.5,4187.803,263.4,10712,1450,1057.347,3833.5,128.95,20.46,132.19,2885.5,7500.89,2.111,32.98
19/08/2022,2248.5,447.8,165.28,536.8,4293.423,270.9,11250,1425.2,1084.256,3960,127.855,19.88875,128.51,2885,7550.37,2.411,33.205
26/08/2022,2334,457.8,162.1,523,4219.436,252.7,11364,1394.8,1055.491,3825.5,127.06,19.4875,126.22,2874.5,7427.31,2.602,32.785
02/09/2022,2324,453.7,168.64,534.9,4188.339,247.7,10618,1352,996.569,3780,126.36,18.7025,122.925,2886,7281.19,2.918,32.14
09/09/2022,2300,450.8,168.84,525,4238.737,239.9,10500,1348.6,993.785,3797,126.275,18.31625,121.94,2888,7351.07,3.095,32.47
16/09/2022,2296.5,452.05,171.14,529.6,4229.086,231.5,10122,1321.4,961.309,3745,126.01,18.32875,121.42,2857,7236.68,3.137,31.61
23/09/2022,2214.5,433.1,161.86,510,4317.549,220.2,10016,1313.2,939.967,3771,123.435,17.13125,115.045,2936,7018.6,3.828,30.645
30/09/2022,2246.5,433.1,144.3,467.3,4255.893,206.8,9944,1305.8,863.879,3797.5,122.53,17.28125,112.38,2923,6893.81,4.093,30.12
07/10/2022,2345.5,469.1,143.48,467,4211.393,200.7,10030,1342.6,842.537,3733.5,122.78,16.4925,111.26,2986,6991.09,4.238,30.5425
14/10/2022,2270,455.05,142.82,458.8,4162.605,202.1,9818,1350.2,808.39,3667,123.475,16.015,108.98,2864,6858.79,4.335,29.98
21/10/2022,2344,464.45,145.04,477.85,4228.55,209.2,9720,1392.4,835.67,3580,124.145,16.98,113.53,2856,6969.73,4.054,30.45
28/10/2022,2418.5,472.95,146.44,442.2,4201.207,212.7,10124,1416.6,879.839,3554,125.825,18.01,118.66,2759,7047.67,3.478,30.795
04/11/2022,2526.5,499.95,153.52,490,4346.501,223.2,10742,1445.6,897.654,3688,126.36,17.7375,118.42,2889,7334.84,3.537,32.105
11/11/2022,2360,478.4,158.22,470.2,4224.261,228.2,10598,1323.6,925.306,3619,126.285,18.20125,120.94,2914.5,7318.04,3.358,32.025
18/11/2022,2344.5,476.05,158.22,478.9,4332.561,231.3,10920,1368.4,944.142,3674,126.435,18.395,122.24,2869,7385.52,3.239,32.325
25/11/2022,2367,488.35,159.06,491.95,4410.838,235,10954,1392.4,945.998,3762.5,126.5,18.54625,123.48,2821,7486.67,3.122,32.805
02/12/2022,2365.5,480.9,156.82,498.5,4480,228.5,11178,1424,946.462,3847,126.41,18.31375,123.255,2847,7556.23,3.154,33.095
09/12/2022,2286,461.95,159.48,496.2,4423.706,227.9,11354,1457.8,943.678,3743,126.52,18.24375,123.02,2855,7476.63,3.181,32.7825
16/12/2022,2243,455.4,154.42,492.25,4440.326,222.3,11156,1428,924.007,3624,126.33,17.9375,121.375,2867,7332.12,3.329,32.0025
23/12/2022,2366.5,478.9,157.74,510.3,4518.603,226.7,11238,1452.8,918.254,3647.5,125.73,17.5525,120.035,2903,7473.01,3.637,32.605
30/12/2022,2326,474.9,158.52,515.7,4484.29,224.2,11218,1437.6,925.491,3650,125.915,17.48875,120.38,2943,7451.74,3.672,32.635
06/01/2023,2350,477.05,172.1,568.6,4505.199,241.4,11782,1432.2,969.196,3646.5,126.47,17.6925,122.37,3008,7699.49,3.472,33.61
13/01/2023,2440.5,484.35,180.74,591.2,4520.211,245.6,11656,1434.6,958.525,3679.5,126,17.9775,124.36,3053,7844.07,3.366,34.2625
20/01/2023,2363,475.85,178.42,592.6,4385.103,247.9,11200,1406.8,960.381,3679.5,126.12,17.93,123.83,3029,7770.59,3.378,33.93
27/01/2023,2370.5,489.3,185.78,600.5,4311.652,246.9,10622,1410,953.885,3422,126.32,17.9575,124.64,3037,7765.15,3.323,33.895
03/02/2023,2414,486.05,188.64,596.7,4472.494,246.4,10578,1439.6,959.453,3578.5,127.34,18.255,126.71,3006,7901.8,3.055,34.51
10/02/2023,2539,560,185.72,610.6,4431.212,243,11390,1473,959.917,3486.5,126.18,17.795,124.195,3001,7882.45,3.396,34.435
17/02/2023,2541,559.9,173.5,621.1,4541.657,250.9,11486,1484.2,992.857,3560.5,125.865,17.53375,123.15,2982,8004.36,3.515,34.97
24/02/2023,2499,550.2,170.58,635.7,4494.476,246.9,11100,1445,979.403,3605.5,125.34,17.33125,121.575,2956,7878.66,3.659,34.53
03/03/2023,2580,555.3,171.48,618.3,4445.151,256.3,10784,1442.2,957.133,3576.5,125.215,17.13,120.62,3000,7947.11,3.849,34.9175
10/03/2023,2544.5,549.2,157.42,592.6,4363.122,259.6,10698,1398.6,974.299,3500.5,125.62,17.51,122,2997.5,7748.35,3.64,34.085
17/03/2023,2214,479.95,139.56,542.1,4340.067,246.9,10814,1400.8,964.092,3475,126.81,17.99375,120.96,3133,7335.4,3.284,32.03
24/03/2023,2200.5,486.3,133.9,534,4500.374,250.8,11080,1401.2,982.186,3599,126.96,18.0325,121.815,3163,7405.45,3.283,32.38
31/03/2023,2308.5,510.8,145.8,549.7,4492.868,265.7,11232,1429,1017.447,3614,126.25,17.79,121.385,3114,7631.74,3.49,33.315
07/04/2023,2417,531.9,151.62,562.9,4618.861,264.1,11700,1523,1057.811,3684.5,126.69,17.96,122.19,3148,7741.56,3.432,33.775
14/04/2023,2462,541,157.88,584.3,4621.542,268.2,11892,1515,1037.861,3678,126.08,17.5025,121.09,3133,7871.91,3.667,34.385
21/04/2023,2453,530,153.24,573.7,4709.469,278.9,12186,1471.2,1062.914,3760.5,125.745,17.33625,121.07,3102,7914.13,3.758,34.57
28/04/2023,2452,534.4,159.88,573.8,4757.186,281.1,11746,1441,1061.986,3622,125.92,17.48,121.7,3083,7870.57,3.719,34.435
05/05/2023,2390.5,492.3,153.24,599.8,4716.975,283,11922,1462.4,1067.554,3670.5,125.975,17.2575,120.895,3101,7778.38,3.781,34.06
12/05/2023,2409,483,153.9,599.7,4668.186,275.7,12010,1470.2,1078.224,3534.5,126.07,17.25,121.045,3143,7754.62,3.778,33.97
19/05/2023,2409,481.4,159.42,610.8,4579.723,266.7,12010,1423.8,1023.478,3548,125.605,16.82375,119.615,3086,7756.87,3.996,34.06
26/05/2023,2352.5,476.9,157.32,610.8,4470.35,263.8,11784,1392.2,1010.951,3498,124.335,16.355,117.17,3068,7627.2,4.334,33.48
02/06/2023,2290,474.35,156.76,602.7,4349.718,262.4,11748,1367.6,978.939,3372.5,124.88,16.68,118.61,3065,7607.28,4.156,33.425
09/06/2023,2294.5,468.9,156.34,607.5,4256.965,261.9,11712,1378,978.475,3320.5,124.61,16.59875,118.09,3036,7562.36,4.239,33.3
16/06/2023,2336,459.6,153.94,611.8,4352.935,262.9,11788,1364.6,973.835,3354.5,123.8,16.40875,116.035,2978,7642.72,4.412,33.265
23/06/2023,2318.5,454.65,145.22,602.2,4385.639,248.8,11422,1425.2,963.628,3305,123.62,16.54875,116.04,2944,7461.87,4.32,32.505
30/06/2023,2342.5,458.35,153.38,621.7,4393.682,248.4,11276,1388.8,965.484,3379,123.485,16.52375,115.66,2938,7531.53,4.388,32.825
07/07/2023,2282.5,453.55,148.72,609.9,4278.947,246.4,10110,1316,927.162,3270,123.235,16.1125,114.13,2930,7256.94,4.65,31.575
14/07/2023,2313.5,456.45,155.1,613.1,4281.092,250,10324,1320.2,947.854,3360,122.645,16.3725,116.485,2907,7434.57,4.444,32.385
21/07/2023,2418,475.8,163.26,642,4377.061,260.2,10770,1388.2,978.011,3437.5,123.385,16.6325,118,2971,7663.73,4.28,33.34
28/07/2023,2341.5,475.4,155.74,646.8,4528.789,261.4,11058,1383,957.133,3433.5,123.37,16.565,118.055,2971.5,7694.27,4.326,33.49
04/08/2023,2388.5,486.45,150.74,636.4,4386.176,250.5,10910,1347,908.975,3331.5,123.61,16.455,118.095,2958,7564.37,4.38,32.99
11/08/2023,2416,486.4,146.6,624.8,4377.597,251.2,11030,1371,910.274,3355.5,123.38,16.2175,117.13,2937,7524.16,4.527,32.95
18/08/2023,2360,473.45,144.24,583.9,4267.688,249.7,10658,1349,882.808,3260,123.14,15.9525,115.76,2893,7262.43,4.675,31.87
25/08/2023,2378.5,475.6,143.98,587.8,4328.272,260.1,10660,1374,907.305,3267.5,123.73,16.32875,117.39,2954,7338.58,4.441,32.235
01/09/2023,2444.5,500.8,149.06,588.3,4320.23,264.7,10700,1387.6,914.542,3200,124.115,16.34,117.93,2992,7464.54,4.428,32.82
08/09/2023,2502.5,517.3,148.24,584.4,4334.706,258.6,10846,1444.2,924.564,3200,124.405,16.33875,117.785,2996,7478.19,4.423,32.86
15/09/2023,2580,523.2,161.46,629.3,4400.115,270.7,10940,1509.6,948.782,3162,124.735,16.3625,117.16,3025,7711.38,4.358,33.5
22/09/2023,2607.5,525.7,155.32,643.1,4413.519,270.9,11046,1527.8,948.782,3153.5,125.3,16.44625,118.055,3062,7683.91,4.249,33.36
29/09/2023,2606,531.4,158.94,644.9,4355.616,264.2,11102,1492,909.346,3034,125.02,16.14,116.55,2958.5,7608.08,4.437,33.125
06/10/2023,2581.5,505.6,154.76,654.7,4209.249,278.4,10942,1499.4,868.147,3044,125.08,15.96125,115.425,2911,7494.58,4.573,32.595
13/10/2023,2722,547.7,153.08,652.6,4210.321,275.6,10974,1510,908.789,3047,125.4,16.2175,116.98,3083,7599.6,4.386,33.09
20/10/2023,2727.5,545.4,144.86,615.9,4278.411,272.7,10430,1462,894.499,3092.5,125.16,15.8275,114.87,3192,7402.14,4.651,32.225
27/10/2023,2700.5,530.5,129.2,601,4097.195,272.4,10124,1433.2,910.459,3025,125.665,16.005,116.14,3174,7291.28,4.544,31.72
03/11/2023,2652.5,489.85,136.34,602.2,4133.117,275.8,10270,1395.6,924.935,3193,126.16,16.3725,118.49,3131,7417.73,4.288,32.275
10/11/2023,2629.5,477.85,135.58,599.2,4234.448,277.7,10090,1398.4,913.429,2850,126.15,16.36,118.585,3092,7360.55,4.336,32.115
17/11/2023,2608.5,477.7,142.8,615.4,4091.834,276,10260,1410.6,942.75,2809.5,126.655,16.66375,120.8,3104,7504.25,4.104,32.77
24/11/2023,2595,476.5,141.64,609.5,4074.677,283.8,10180,1422.6,936.719,2824,126.23,16.37625,119.81,3087,7488.2,4.283,32.73
01/12/2023,2568,478.4,142.36,604.1,4053.768,279.6,10198,1436,958.525,2816,126.93,16.5525,121.26,3156,7529.35,4.14,32.915
08/12/2023,2520.5,468.25,143.28,619.2,4060.201,287.9,10122,1434.4,983.578,2829,126.97,16.76,122.18,3111,7554.47,4.041,33.01
15/12/2023,2503,457.85,146.64,609,4026.961,282.7,10186,1419.2,989.146,2833.5,127.99,17.325,123.89,3120,7576.36,3.687,32.895
22/12/2023,2566.5,467.2,151.78,627.8,4060.738,286.7,10436,1449.6,984.506,2841.5,128.87,17.5925,125.77,3155,7697.51,3.505,33.465
29/12/2023,2571.5,466.15,153.78,635.5,4074.677,290.5,10600,1450.2,981.722,2856,129.01,17.48625,125.22,3156,7733.24,3.537,33.595
05/01/2024,2571,473.85,155.6,634.3,4105.773,300.9,10758,1541.2,997.497,2765,128.26,17.08,122.77,3134,7689.61,3.787,33.4
12/01/2024,2461,454.15,145.54,610.1,4123.466,296.9,10862,1573,986.826,2805.5,126.3,17.08625,123.32,3131,7624.93,3.793,33.13
19/01/2024,2370.5,445.8,141.04,588.4,3979.244,296,10508,1563.6,952.493,2715.5,125.97,16.795,122.155,3111,7461.93,3.929,32.44
26/01/2024,2429.5,461.7,149.24,616.9,4099.876,293.5,10546,1537,968.268,2849,125.89,16.74625,122.46,3086,7635.09,3.964,33.195
02/02/2024,2471.5,458.7,150.72,614.1,4144.376,290.8,10360,1611.2,965.484,2936.5,125.91,16.8075,123.02,3132,7615.54,3.918,33.09
09/02/2024,2487.5,478.45,142.28,609.5,4295.032,280.5,9761,1660,925.863,2899.5,125.525,16.66125,122.495,3114.5,7572.58,4.086,32.91
16/02/2024,2497,472,146.72,638.8,4320.766,279.6,10094,1676.4,942.75,2927.5,125.515,16.5775,122.81,3102,7711.71,4.108,33.625
23/02/2024,2494,466.1,163.74,597.2,4291.279,279.7,10220,1672.4,959.917,2986,125.83,16.67,123.535,3121,7706.28,4.037,33.625
01/03/2024,2494.5,471.65,169.52,612.8,4147.593,277.6,10080,1661.8,960.381,2963.5,125.83,16.7375,123.1,3193.5,7682.5,4.114,33.56
08/03/2024,2471,472.1,172.24,579.9,4112.743,286.2,10196,1673,977.083,2874,126.12,16.95,124.36,3295,7659.74,3.976,33.575
15/03/2024,2548.5,491,176.92,598,4129.364,287.6,10294,1649.6,972.907,2907,126.03,16.74375,122.76,3304,7727.42,4.102,33.67
22/03/2024,2632,498.85,180.8,624.9,4263.935,294.2,10482,1686.8,989.61,2901,126.66,16.9475,123.78,3344,7930.92,3.928,34.595
29/03/2024,2625,495.7,183.2,619,4262.863,296.6,10678,1708.6,989.146,2925.5,126.68,16.97625,123.62,3416,7952.62,3.933,34.705
05/04/2024,2780,506.1,189.74,641.4,4114.352,289.6,10620,1629.5,958.525,2849.5,126.53,16.75625,122.745,3583,7911.16,4.069,34.53
12/04/2024,2937,539.1,182.86,653.4,4069.316,282.9,11064,1643.5,962.7,2784,126.33,16.61,122.15,3736,7995.58,4.137,34.95
19/04/2024,2851,514.9,185.84,646.2,4086.472,281.4,10946,1599,965.02,2836.5,126.19,16.4925,121.53,3750,7895.85,4.23,34.535
26/04/2024,2903.5,524.8,204.35,663.6,4431.748,288.9,11988,1653,972.907,2776,126.02,16.3975,121.18,3644,8139.83,4.324,35.625
03/05/2024,2858.5,510.4,202.35,705.5,4490.723,298.3,12050,1733.5,996.569,2729,126.5,16.52625,122.28,3554,8213.49,4.222,36
10/05/2024,2946,506.2,213.95,696,4597.952,311.7,12370,1799.5,1036.469,2850,126.76,16.655,123.17,3674.5,8433.76,4.166,36.98
17/05/2024,2804.5,491.3,216.75,697,4627.976,310.9,12110,1775,1054.099,2800.5,126.82,16.65875,123.57,3684.5,8420.26,4.127,37.03
24/05/2024,2772,483,216.15,693.4,4606.53,315,12296,1774.5,889.4,2693,126.53,16.48625,122.46,3559,8317.59,4.261,36.565
31/05/2024,2811.5,488.15,220,696.4,4588.301,311,12190,1766.5,882.4,2630.5,126.6,16.4375,122.13,3563,8275.38,4.318,36.415
07/06/2024,2732.5,462.7,217.25,694.6,4713.758,307.6,12556,1629,869.2,2670,126.815,16.53375,122.325,3528,8245.37,4.262,36.31
14/06/2024,2711,460,202,676.8,4771.662,310.2,12510,1604.5,882,2579,127.33,16.76375,121.7,3570,8146.86,4.056,35.34
21/06/2024,2777,471,204.85,683.7,4754.505,308.6,12472,1599,898.8,2578,127.57,16.72375,121.82,3583.5,8237.72,4.083,35.755
28/06/2024,2834,475.2,208.9,683.9,4659.072,306,12356,1529.5,882.6,2489.5,127.51,16.61,121.66,3583,8164.12,4.172,35.48
05/07/2024,2862,482.2,220.55,673.6,4641.915,311,12056,1511,928,2523,127.58,16.69875,122.58,3623,8203.93,4.125,35.635
12/07/2024,2812.5,453.5,222.45,671.1,4754.505,318.3,12260,1517,950.8,2539.5,127.91,16.67,123,3608,8252.91,4.109,35.845
19/07/2024,2793.5,457.3,228.65,660.1,4819.914,326,12106,1522.5,934.6,2490.5,125.675,16.67125,122.97,3620,8155.72,4.123,35.385
26/07/2024,2779.5,454.5,231.4,665.2,5083.696,327.1,12180,1553,974.2,2565.5,125.97,16.6775,123.29,3606,8285.71,4.1,36
02/08/2024,2777,444.8,209.1,636.3,5196.286,326.7,12610,1562.5,997,2380,126.77,17.085,124.28,3686,8174.71,3.828,35.4775
09/08/2024,2776,433.75,218.25,642.5,5071.901,330.5,12700,1565.5,978.8,2426.5,126.62,16.96625,123.52,3699,8168.1,3.945,35.6
16/08/2024,2790,441.25,228.3,656.6,5069.756,341.2,13046,1591,982.8,2483.5,126.56,16.9275,123.95,3749.5,8311.41,3.926,36.285
23/08/2024,2720,429.3,230.45,654.7,5158.756,349.1,13076,1602.5,995,2531,126.81,16.99125,124.35,3701.5,8327.78,3.912,36.375
30/08/2024,2681,429.4,228.4,666.7,5260.623,353.7,13274,1657,998.6,2472.5,126.73,16.8875,124.09,3707,8376.63,4.015,36.625
06/09/2024,2516,405.7,220.85,648.8,5345.333,366.6,12650,1651.5,1019.5,2400,127.5,17.095,124.785,3718,8181.47,3.886,35.785
13/09/2024,2554.5,404.2,221.15,658.7,5296.008,364.5,11928,1633.5,1043.5,2470,127.66,17.185,123.965,3817,8273.09,3.768,35.885
20/09/2024,2562,409.55,226.75,660.5,5203.792,363.4,11780,1536,1036,2494.5,127.47,16.99,123.44,3825.5,8229.99,3.903,35.725
27/09/2024,2424,388.15,229.25,680.9,5247.755,360.7,11654,1537,1035,2653,127.38,16.855,122.77,3850,8320.76,3.977,36.125
04/10/2024,2577.5,416.85,226.25,691.8,5129.804,362.2,11738,1459.5,997,2599.5,126.97,16.68375,122.57,3942,8280.63,4.13,35.98
11/10/2024,2592,409.45,235.85,673.2,5153.394,357.2,11764,1480,996.8,2551.5,127.18,16.54375,122.29,3952,8253.65,4.207,35.865
18/10/2024,2536.5,399.6,242.25,680.6,5180.202,361.8,11946,1476,1028,2651.5,127.55,16.80125,123.94,4051,8358.25,4.056,36.32
25/10/2024,2550.5,404.9,241.4,682.1,5106.214,352.8,11606,1448.5,998.6,2565.5,127.29,16.5925,122.94,4104.5,8248.84,4.233,35.83
01/11/2024,2579,378.2,240.6,709.6,5096.563,348,11022,1419.5,987.2,2395.5,126.58,16.3,121.58,4119,8177.15,4.445,35.485
08/11/2024,2564.5,373.3,251.5,690,4864.95,345.2,9903,1381,975.8,2320,126.695,16.31125,121.8,4041,8072.39,4.435,35.11
15/11/2024,2561,382.7,259.35,716.8,4870.312,345.7,9978,1301,974.8,2344.5,126.88,16.22,121.615,3947.5,8063.61,4.471,35.125
22/11/2024,2603,392.7,257.2,724.4,5031.154,353.4,10474,1342,993.8,2398.5,127.07,16.3375,121.99,4199,8262.08,4.386,36.045
29/11/2024,2531.5,384.65,263.8,732.7,5040.805,366.4,10612,1335,992.6,2352.5,127.54,16.5425,123.46,4071,8287.3,4.242,36.16
06/12/2024,2478,377.75,264.8,743.6,4960.383,366.9,10654,1344,958.2,2422.5,127.51,16.4875,123.31,4024,8308.61,4.275,36.25
13/12/2024,2498.5,395.95,269.4,766.2,5000.058,372,10468,1329.5,944.4,2618.5,127.57,16.26375,121.63,4096,8300.33,4.412,35.995
20/12/2024,2394.5,379.05,260.25,760.8,4888.54,366.4,10256,1320,928.6,2504.5,127.42,16.1075,121.15,4056,8084.61,4.51,35.09
27/12/2024,2440.5,385.45,264.9,777.1,4907.842,366.9,10460,1342.5,945.2,2535,127.33,15.9925,120.865,4047,8149.78,4.633,35.355
03/01/2025,2566.5,407.95,266.45,782.3,4890.685,372.3,10594,1340,951.8,2448.5,127.465,16.025,121.28,4135,8223.98,4.593,35.735
10/01/2025,2625,425.1,258.05,799.1,4861.733,359.7,10982,1349.5,918.4,2446.5,127.21,15.725,119.47,4284,8248.49,4.838,35.8
17/01/2025,2720.5,434.3,289.35,822.7,4918.564,364.6,10938,1359,963.2,2434.5,125.21,15.93,121.03,4328,8505.22,4.66,36.9
24/01/2025,2620,419.85,293.05,818,4872.456,360,11050,1356.5,955,2503.5,125.41,15.99,121.69,4320,8502.35,4.629,36.89
31/01/2025,2678.5,422.5,297,845.7,4966.817,372.2,11344,1405,979.8,2419,125.67,16.0975,122.33,4388,8673.96,4.538,37.675
07/02/2025,2645,433.25,304.7,854,5037.588,387.3,11600,1443,982.4,2222,126.08,16.2125,122.87,4491,8700.53,4.476,37.795
14/02/2025,2674,467.8,294.6,869.7,4716.975,396.6,11708,1435,957.2,2145.5,126.13,16.15,122.79,4458.5,8732.46,4.5,37.94
21/02/2025,2637.5,447.5,303.8,885.8,4714.831,374.1,11708,1429,958.2,2190,125.99,16.05,122.345,4513,8659.37,4.571,37.7175
28/02/2025,2636,437.35,311.3,933.6,4811.336,380.2,11968,1466.5,975,2163,126.42,16.20375,122.92,4396,8809.74,4.482,38.4
07/03/2025,2554.5,413.45,298.75,876.4,4940.01,380.1,12072,1534,929.8,2176.5,126.385,16.0475,121.93,4388,8679.88,4.638,37.985
14/03/2025,2633.5,429,294.75,870,4868.167,339.2,11994,1511,966.2,2065.5,126.5,16.01625,120.035,4493,8632.33,4.666,37.795
21/03/2025,2727,450,297.45,881.6,4885.324,325.6,11608,1509,981.8,2064.5,126.425,15.8875,119.65,4536,8646.79,4.712,37.535
28/03/2025,2796.5,435.5,293.5,885.4,4918.564,332.3,11416,1488.5,1009.5,2046.5,126.6,15.91125,119.73,4625,8658.85,4.694,37.64
04/04/2025,2481.5,370.7,250.05,760,5033.299,340,10808,1417.5,1034,2012,127.455,16.2825,119.92,4540,8054.98,4.448,35.03
11/04/2025,2308,331.7,257.95,743.5,5008.636,327.7,10008,1294,1012,2053,127.42,15.7975,118.38,4823,7964.18,4.753,34.76
18/04/2025,2439,359.4,277.3,789,5153.394,354.6,10124,1336.5,1079,2071,127.71,16,119.7,4832,8275.66,4.566,36.17
25/04/2025,2464,364.45,292.85,834,5023.648,357.9,10400,1389,1072,2065,127.95,16.13,121.035,4779,8415.25,4.479,36.805
02/05/2025,2486.5,350.3,301.05,845.4,5110.503,371,10754,1448.5,1066.5,2120,128.09,16.1225,121.15,4737,8596.35,4.508,37.515
09/05/2025,2458,372.3,307,849.2,5060.106,377.7,10240,1377.5,1054,2179,128.07,16.04875,121.195,4879,8554.8,4.567,37.41
16/05/2025,2490.5,372.8,325.5,882.8,4959.311,362.9,10330,1394.5,1061.5,2152,127.825,15.95,121.205,4659,8684.56,4.649,38.005
23/05/2025,2420,356.2,323.3,868.8,5034.371,381.7,10436,1425.5,1091,2021,127.94,15.79875,120.74,4832,8717.97,4.681,38.145
30/05/2025,2449.5,359.75,327.5,873.2,5047.238,388,10720,1507,1046.5,2017,128.01,15.9025,121.38,4741,8772.38,4.647,38.45
06/06/2025,2507.5,361.45,333.2,881.7,4977.54,390.6,10782,1513,1037.5,1933,128.09,15.9675,121.91,4786,8837.91,4.644,38.75
13/06/2025,2631,386.35,319.3,866.5,4970.034,398.2,10986,1511.5,1063,1950,128.38,16.07125,121.35,4891,8850.63,4.55,38.7925
20/06/2025,2683,384.7,324,866.9,4892.83,402,10392,1402.5,1049,1881,128.44,16.055,121.45,4858,8774.65,4.537,38.125
27/06/2025,2587,370.4,338.55,884.3,4752.36,400.9,10224,1405.5,1063.5,1834.5,128.775,16.0675,122.11,4636,8798.91,4.504,38.2025
04/07/2025,2628,379.25,330.5,885.9,4830.637,405.5,10336,1405,1047,1908.5,128.815,16.0125,121.91,4744.5,8822.91,4.554,38.34
11/07/2025,2672,402.05,340,910.5,4805.975,401.1,10450,1408.5,1028,1900.5,128.84,15.9225,121.77,4838,8941.12,4.622,38.825
18/07/2025,2620,399.9,349.65,933,4760.939,416.2,10294,1348,1059.5,1929,126.33,15.7975,121.19,4845,8992.12,4.674,39.04
25/07/2025,2667.5,397.8,360.5,958.4,4788.818,428.5,10802,1392.5,1062,1976,126.53,15.8475,121.87,4812,9120.31,4.635,39.63
01/08/2025,2707,398.7,356.65,917.9,4858.516,424,11104,1396.5,1079.5,1822,126.89,16.0025,122.73,4910,9068.58,4.528,39.49
08/08/2025,2653,423.2,367.95,939.3,4826.348,406.9,10922,1395.5,1052,2021,126.69,15.93,122.31,4897,9095.73,4.601,39.68
15/08/2025,2639,421.4,371.15,938.9,4808.119,413.2,11592,1425,1044,2032,126.68,15.8225,122.06,4784,9138.9,4.696,40.015
22/08/2025,2692,423.45,376.45,967.3,4998.986,426.3,11968,1479.5,1049,2121,126.84,15.7475,122,4844,9321.4,4.693,40.785
29/08/2025,2724,432.1,360.4,946.7,4988.263,422.7,11790,1452.5,1041,2049,126.84,15.7175,121.65,4954,9187.34,4.722,40.33
05/09/2025,2627.5,415.65,361.05,963,5113.72,441,12090,1476,1034,2034,127.01,15.84,122.34,5149,9208.21,4.646,40.39
12/09/2025,2637,420.55,380.1,1007,4964.673,438.9,11794,1503.5,1048.5,1869,126.95,15.83125,120.99,5222,9283.29,4.671,40.74
19/09/2025,2612.5,420.55,381.65,1027.8,4883.179,434.8,11304,1496.5,1035,1815.5,126.97,15.725,121.06,5287,9216.67,4.715,40
26/09/2025,2733.5,445.5,382.6,1038.8,4730.915,441.4,11000,1486,1056,1749,127.06,15.7225,121.12,5472,9284.83,4.746,40.325
03/10/2025,2702.5,423.75,385.35,1061.8,4709.469,448.7,12650,1628.5,1077.5,1793.5,127.17,15.79,121.66,5602,9491.25,4.69,41.24
10/10/2025,2696,420.5,372.5,993.9,4809.191,446.5,12782,1625,1105.5,1800.5,127.38,15.8275,121.84,5835,9427.47,4.675,41.045
17/10/2025,2691,411.05,357.8,964.3,5002.202,442.1,12558,1625,1130,1826.5,127.75,15.9575,122.565,6168,9354.57,4.531,40.72
24/10/2025,2851,434.95,388.3,1004,5027.937,455.4,12532,1620,1151,1811,127.99,16.1075,123.61,6026,9645.62,4.432,41.97
31/10/2025,2847.5,442.3,407,1063.4,4920.709,459.4,12470,1780.5,1140,1750,128.15,16.1675,123.97,5891,9717.25,4.409,42.285
07/11/2025,2849,458.7,404.7,1070.8,4951.805,474.3,12900,1768.5,1170.5,1726.5,128.16,16.105,123.505,5920,9682.57,4.466,42.115
14/11/2025,2858,460.8,413.5,1104.4,4793.107,438.4,13532,1784,1169.5,1793.5,128.02,15.96875,122.62,6048,9698.37,4.574,42.295
21/11/2025,2785,453.35,392.2,1041.4,4916.42,452.5,13820,1788,1138.5,1768,128.3,15.9525,122.97,6037,9539.71,4.546,41.61
28/11/2025,2783.5,454.2,430.25,1070.2,4872.456,450.3,13974,1791,1146.5,1735.5,128.51,16.115,124.04,6173,9720.51,4.44,42.375
05/12/2025,2760,452.85,434.4,1062,4778.095,453,13592,1805,1134.5,1670.5,128.56,16.1175,124.25,6139,9667.01,4.476,42.28
12/12/2025,2686.5,439.25,444.35,1111.8,4835.5,440.8,13444,1824.5,1118.5,1664,128.53,16.05,122.48,6221,9649.03,4.517,42.2
19/12/2025,2703,424.85,468.95,1167,4890,442.1,13672,1822,1141.5,1678.5,128.57,16.01,122.665,6312,9897.42,4.524,43.03
26/12/2025,2698,425.85,469.75,1175.4,4838,438,13674,1805.5,1137.5,1589.5,128.61,16.042,123,6453,9870.68,4.507,42.94
02/01/2026,2759.5,437.9,479.5,1191.8,4822.5,442.2,13592,1831.5,1157.5,1607.5,128.84,16.028,122.85,6210,9951.14,4.537,43.34